Retrieved by E4-util: 2022/09/27,16:50:06                            1 0  0    0
 2004.00000 3.96821900          0          0          0          0 228 1451    1
 0.0        0.0                 0          0          0          6 228 1451    2
 1.00000000 20000000.0          0          0         10          8 228 1451    3
 0.0        0.0                 0          0        124          7 228 1451    4
  2-He-  4 LANL       EVAL-SEP10 Hale                              228 1451    5
 NDS 148, 1 (2018)    DIST-FEB18                       20111222    228 1451    6
----ENDF/B-VIII.0     MATERIAL  228                                228 1451    7
-----INCIDENT NEUTRON DATA                                         228 1451    8
------ENDF-6 FORMAT                                                228 1451    9
                                                                   228 1451   10
 ****************************************************************  228 1451   11
                         ENDF/B-VII.1 beta                         228 1451   12
                             G.M.Hale                              228 1451   13
                               LANL                                228 1451   14
                          September 2010                           228 1451   15
                                                                   228 1451   16
The evaluation done originally by Nisley et al. in 1973 has been   228 1451   17
updated to include the results of a more recent R-matrix analysis. 228 1451   18
The 1973 analysis was based on a simultaneous fit of n-alpha and   228 1451   19
p-alpha scattering data. The newer analysis (8/06) is a multi-     228 1451   20
channel fit to data for the n-alpha and d-t reactions that extends 228 1451   21
to about 24 MeV excitation energy in the 5He system. Although this 228 1451   22
is well above the d+t threshold, for the present, we give n-alpha  228 1451   23
data only over the original range up to 20 MeV, where it is single 228 1451   24
channel scattering. However, the results below the d+t threshold   228 1451   25
are constrained by the data at higher energies through the         228 1451   26
R-matrix parameterization, and they are therefore better           228 1451   27
determined than those of a single-channel analysis.                228 1451   28
                                                                   228 1451   29
In addition, covariances (MF=33) are given for MT=2, calculated    228 1451   30
from the parameter covariances and derivatives from the 5He        228 1451   31
analysis. It should be noted that while the rank of this           228 1451   32
covariance matrix is 115, corresponding to the number of free      228 1451   33
parameters in the fit, it is given at 152 energies. This means     228 1451   34
that in principle some of the zero eigenvalues could have small    228 1451   35
negative values due to the limited precision of the numbers in the 228 1451   36
file and the matrix is not guaranteed to be positive semi-         228 1451   37
definite.                                                          228 1451   38
                                                                   228 1451   39
 ****************************************************************  228 1451   40
                                                                   228 1451   41
 ENDF/B-VII  CONVERTED FROM ENDF/B-VI BY NNDC OCT 2004             228 1451   42
                                                                   228 1451   43
 ****************************************************************  228 1451   44
                                                                   228 1451   45
 ENDF/B-VI MOD1 Revision, January 2001, P.G. Young and             228 1451   46
                S.C. Frankle (LANL)                                228 1451   47
                                                                   228 1451   48
    The atomic weight ratio was corrected - changed from 4.0015    228 1451   49
 to 3.968219.                                                      228 1451   50
                                                                   228 1451   51
 ****************************************************************  228 1451   52
                                                                   228 1451   53
 ENDF/B-VI MOD 0, January 1990, NNDC                               228 1451   54
                                                                   228 1451   55
 ENDF/B-V Material 1270 converted to ENDF-6 format by NNDC         228 1451   56
                                                                   228 1451   57
 ***************************************************************** 228 1451   58
                                                                   228 1451   59
 ENDF/B-V Evaluation, October 1973, R.A. Nisley, G.M. Hale,        228 1451   60
                      P.G. Young (LANL)                            228 1451   61
                                                                   228 1451   62
 MF=3 ------------ SMOOTH CROSS SECTIONS ------------------------  228 1451   63
                                                                   228 1451   64
         THE 2200 M/S CROSS SECTIONS ARE AS FOLLOWS,               228 1451   65
             MT=1   SIGMA= 0.75916 BARNS                           228 1451   66
             MT=2   SIGMA= 0.75916 BARNS                           228 1451   67
                                                                   228 1451   68
   MT=1       TOTAL CROSS SECTION                                  228 1451   69
         SEE DISCUSSION UNDER MT=2 BELOW                           228 1451   70
                                                                   228 1451   71
   MT=2       ELASTIC SCATTERING CROSS SECTION                     228 1451   72
         ALTHOUGH THE ONLY REACTION POSSIBLE FOR NEUTRONS INCIDENT 228 1451   73
       ON HE-4 BELOW 20 MEV IS ELASTIC SCATTERING, THE MAJORITY    228 1451   74
       OF THE N-4HE DATA IS RATHER IMPRECISE.  IN ORDER TO OVER-   228 1451   75
       COME THIS PROBLEM, AN R-MATRIX ANALYSIS WAS PERFORMED WITH  228 1451   76
       A DATA SET WHICH INCLUDED NOT ONLY THE N-4HE DATA BUT ALSO  228 1451   77
       VERY PRECISE P-4HE DATA.  ALL THE AVAILABLE N-4HE AND P-4HE 228 1451   78
       DATA BELOW 20 MEV WERE CONSIDERED IN THE ANALYSIS.  SINCE   228 1451   79
       THE PREVIOUS EVALUATION WAS COMPLETED IN 1968, SEVERAL      228 1451   80
       N-4HE ELASTIC SCATTERING MEASUREMENTS HAVE BEEN DONE.  THE  228 1451   81
       MOST SIGNIFICANT OF THESE ARE THE LOW ENERGY NEUTRON CROSS  228 1451   82
       SECTION OF RORER (RO69),THE RPI TOTAL CROSS SECTION         228 1451   83
       MEASUREMENT (GO73), WHICH COVER THE RANGE EN=0.7-30 MEV,    228 1451   84
       AND THE RELATIVE ANGULAR DISTRIBUTIONS OF MORGAN (MO68).    228 1451   85
       A COMPLETE LIST OF REFERENCES FOR THE N-4HE DATA USED IS    228 1451   86
       GIVEN BELOW.  THE P-4HE DATA WAS SELECTED TO SATISFY VERY   228 1451   87
       STRINGENT STATISTICAL CRITERIA AND WE BELIEVE THE POSSIBLE  228 1451   88
       ERRORS OF THE PREDICTED VALUES FOR THE P-4HE SCATTERING     228 1451   89
       TO BE LESS THAN 1.0 PER CENT.  A SIMPLE MODEL FOR THE       228 1451   90
       CHARGE DIFFERENCES BETWEEN THE N-4HE AND P-4HE SYSTEMS      228 1451   91
       WAS ASSUMED AND THE N-4HE AND P-4HE DATA SETS WERE          228 1451   92
       SIMULTANEOUSLY ANALYZED.  THE VALUES OF THE CROSS SECTIONS  228 1451   93
       AND ANGULAR DISTRIBUTIONS CONTAINED IN FILES 3 AND 4 ARE    228 1451   94
       PROBABLY ACCURATE TO WITHIN 2.0 PERCENT.                    228 1451   95
                                                                   228 1451   96
 MF=4 ------------- NEUTRON ANGULAR DISTRIBUTIONS ---------------  228 1451   97
                                                                   228 1451   98
   MT=2       ELASTIC SCATTERING ANGULAR DISTRIBUTIONS             228 1451   99
         OBTAINED FROM THE R-MATRIX ANALYSIS DESCRIBED ABOVE       228 1451  100
       UNDER MF=3,MT=2.  LEGENDRE POLYNOMIAL REPRESENTATION USED.  228 1451  101
                                                                   228 1451  102
 ----------------------- REFERENCES------------------------------  228 1451  103
                                                                   228 1451  104
 AU62   S.M.AUSTIN ET AL., PHYS.REV. 126(1962) 1532.               228 1451  105
 BR72   W.B.BROSTE ET AL., PHYS.REV. C5(1972) 761.                 228 1451  106
 BU66   F.W.BUSSER ET AL., NUCL.PHYS. 88(1966) 593.                228 1451  107
 CR72   D.S.CRAMER + L.CRANBERG, NUCL.PHYS. A180(1972) 273.        228 1451  108
 FA63   U.FASOLI + G.ZAGO, NUOVO CIMENTO 30(1963) 1169.            228 1451  109
 GO73   C.A.GOULDING ET AL., BULL.AM.PHYS.SOC. 18(1973) 538.       228 1451  110
 HO66   B.HOOP,JR. + H.H.BARSCHALL, NUCL.PHYS. 83(1966) 65.        228 1451  111
 JE66   R.W.JEWELL ET AL., PHYS.REV. 142(1966) 687.                228 1451  112
 MA63   T.H.MAY ET AL., NUCL.PHYS. 45(1963) 17.(REV. MO68 + SA68)  228 1451  113
 MO68   G.L.MORGAN + R.L.WALTER, PHYS.REV. 168(1968) 1114.         228 1451  114
 NI71   A.NIILER ET AL., PHYS.REV. C4(1971) 36. (REV. 9/72)        228 1451  115
 RO69   D.C.RORER ET AL., NUCL.PHYS. 133(1969) 410.                228 1451  116
 SA68   J.R.SAWERS ET AL., PHYS.REV. 168(1968) 1102.               228 1451  117
 SE53   J.D.SEAGRAVE, PHYS.REV. 92(1953) 1222.                     228 1451  118
 SH55   D.F.SHAW, PROC.PHYS.SOC.(LONDON) 68(1955) 43.              228 1451  119
 SH64   R.E.SHAMU + J.G.JENKIN, PHYS.REV. 135(1964) B99.           228 1451  120
 SM54   J.R.SMITH, PHYS.REV. 95(1954) 730.                         228 1451  121
 ST70   T.STAMMBACH ET AL., PHYS.REV. C2(1970) 434.                228 1451  122
 WH57   R.E.WHITE + F.J.M.FARLEY, NUCL.PHYS. 3(1957) 476.          228 1451  123
 YO63   P.G.YOUNG ET AL., AUST.J.PHYS. 16(1963) 185.               228 1451  124
                                                                   228 1451  125
 ************************ C O N T E N T S ************************ 228 1451  126
 ***************** Program ENDF2C (Version 2015-1) *************** 228 1451  127
     Convert ENDF Data to Standard FORTRAN, C and C++ Format       228 1451  128
                                1        451        133          0 228 1451  129
                                2        151          4          0 228 1451  130
                                3          1         54          0 228 1451  131
                                3          2         54          0 228 1451  132
                                4          2        460          0 228 1451  133
                               33          1          5          0 228 1451  134
                               33          2       1941          0 228 1451  135
                                                                   228 1  099999
                                                                   228 0  0    0
 2004.00000 3.96821900          0          0          1          0 228 2151    1
 2004.00000 1.00000000          0          0          1          0 228 2151    2
 1.00000E-5 100000.000          0          0          0          0 228 2151    3
 0.0        .245790000          0          0          0          0 228 2151    4
                                                                   228 2  099999
                                                                   228 0  0    0
 2004.00000 3.96821900          0          0          0          0 228 3  1    1
 0.0        0.0                 0          0          1        152 228 3  1    2
        152          2                                             228 3  1    3
 1.00000E-5 .766973800 .025300000 .766973800 1.00000000 .766973800 228 3  1    4
 10.0000000 .766973300 100.000000 .766968400 1000.00000 .766920700 228 3  1    5
 5000.00000 .766729700 10000.0000 .766539600 20000.0000 .766327000 228 3  1    6
 40000.0000 .766612400 60000.0000 .767927900 80000.0000 .770381500 228 3  1    7
 100000.000 .774092500 150000.000 .789768800 200000.000 .816627600 228 3  1    8
 250000.000 .857828400 300000.000 .917418000 350000.000 1.00056200 228 3  1    9
 400000.000 1.11380400 450000.000 1.26533300 500000.000 1.46516600 228 3  1   10
 550000.000 1.72512900 600000.000 2.05833900 625000.000 2.25654200 228 3  1   11
 650000.000 2.47778500 675000.000 2.72319900 700000.000 2.99344500 228 3  1   12
 725000.000 3.28851600 750000.000 3.60751900 775000.000 3.94845800 228 3  1   13
 800000.000 4.30804100 825000.000 4.68155300 850000.000 5.06284200 228 3  1   14
 875000.000 5.44445000 900000.000 5.81792800 925000.000 6.17431700 228 3  1   15
 950000.000 6.50477200 975000.000 6.80123000 1000000.00 7.05704400 228 3  1   16
 1025000.00 7.26747300 1050000.00 7.42994500 1075000.00 7.54408700 228 3  1   17
 1100000.00 7.61152300 1125000.00 7.63550800 1150000.00 7.62046800 228 3  1   18
 1175000.00 7.57153100 1200000.00 7.49409900 1225000.00 7.39350600 228 3  1   19
 1250000.00 7.27476000 1275000.00 7.14238800 1300000.00 7.00035100 228 3  1   20
 1325000.00 6.85202100 1350000.00 6.70019700 1375000.00 6.54715600 228 3  1   21
 1400000.00 6.39470500 1450000.00 6.09684800 1500000.00 5.81411600 228 3  1   22
 1550000.00 5.55026400 1600000.00 5.30665700 1650000.00 5.08321400 228 3  1   23
 1700000.00 4.87904000 1750000.00 4.69282000 1800000.00 4.52307400 228 3  1   24
 1850000.00 4.36829300 1900000.00 4.22702500 1950000.00 4.09791900 228 3  1   25
 2000000.00 3.97973700 2050000.00 3.87136200 2100000.00 3.77179400 228 3  1   26
 2150000.00 3.68014000 2200000.00 3.59560900 2250000.00 3.51749400 228 3  1   27
 2300000.00 3.44517200 2350000.00 3.37808600 2400000.00 3.31574200 228 3  1   28
 2450000.00 3.25770200 2500000.00 3.20357200 2550000.00 3.15300100 228 3  1   29
 2600000.00 3.10567600 2650000.00 3.06131400 2700000.00 3.01966200 228 3  1   30
 2750000.00 2.98049200 2800000.00 2.94359600 2850000.00 2.90878800 228 3  1   31
 2900000.00 2.87589900 2950000.00 2.84477400 3000000.00 2.81527400 228 3  1   32
 3100000.00 2.76064600 3200000.00 2.71111800 3300000.00 2.66593900 228 3  1   33
 3400000.00 2.62447400 3500000.00 2.58618600 3600000.00 2.55061800 228 3  1   34
 3700000.00 2.51738400 3800000.00 2.48615100 3900000.00 2.45663800 228 3  1   35
 4000000.00 2.42860400 4100000.00 2.40184300 4200000.00 2.37618100 228 3  1   36
 4300000.00 2.35146800 4400000.00 2.32758000 4500000.00 2.30440800 228 3  1   37
 4600000.00 2.28186300 4700000.00 2.25986900 4800000.00 2.23836200 228 3  1   38
 4900000.00 2.21728800 5000000.00 2.19660400 5200000.00 2.15626200 228 3  1   39
 5400000.00 2.11711100 5600000.00 2.07899700 5800000.00 2.04182000 228 3  1   40
 6000000.00 2.00551200 6200000.00 1.97002900 6400000.00 1.93534200 228 3  1   41
 6600000.00 1.90142900 6800000.00 1.86827500 7000000.00 1.83586900 228 3  1   42
 7200000.00 1.80419700 7400000.00 1.77324800 7600000.00 1.74301100 228 3  1   43
 7800000.00 1.71347200 8000000.00 1.68461900 8200000.00 1.65643700 228 3  1   44
 8400000.00 1.62891100 8600000.00 1.60202600 8800000.00 1.57576800 228 3  1   45
 9000000.00 1.55011900 9200000.00 1.52506400 9400000.00 1.50058700 228 3  1   46
 9600000.00 1.47667400 9800000.00 1.45330700 10000000.0 1.43047300 228 3  1   47
 10500000.0 1.37561800 11000000.0 1.32377600 11500000.0 1.27474200 228 3  1   48
 12000000.0 1.22833000 12500000.0 1.18437000 13000000.0 1.14270900 228 3  1   49
 13500000.0 1.10320600 14000000.0 1.06573900 14500000.0 1.03019300 228 3  1   50
 15000000.0 .996468400 15500000.0 .964472800 16000000.0 .934124300 228 3  1   51
 16500000.0 .905349400 17000000.0 .878082400 17500000.0 .852265500 228 3  1   52
 18000000.0 .827849000 18500000.0 .804792800 19000000.0 .783068700 228 3  1   53
 19500000.0 .762667800 20000000.0 .743616900                       228 3  1   54
                                                                   228 3  099999
 2004.00000 3.96821900          0          0          0          0 228 3  2    1
 0.0        0.0                 0          0          1        152 228 3  2    2
        152          2                                             228 3  2    3
 1.00000E-5 .766973800 .025300000 .766973800 1.00000000 .766973800 228 3  2    4
 10.0000000 .766973300 100.000000 .766968400 1000.00000 .766920700 228 3  2    5
 5000.00000 .766729700 10000.0000 .766539600 20000.0000 .766327000 228 3  2    6
 40000.0000 .766612400 60000.0000 .767927900 80000.0000 .770381500 228 3  2    7
 100000.000 .774092500 150000.000 .789768800 200000.000 .816627600 228 3  2    8
 250000.000 .857828400 300000.000 .917418000 350000.000 1.00056200 228 3  2    9
 400000.000 1.11380400 450000.000 1.26533300 500000.000 1.46516600 228 3  2   10
 550000.000 1.72512900 600000.000 2.05833900 625000.000 2.25654200 228 3  2   11
 650000.000 2.47778500 675000.000 2.72319900 700000.000 2.99344500 228 3  2   12
 725000.000 3.28851600 750000.000 3.60751900 775000.000 3.94845800 228 3  2   13
 800000.000 4.30804100 825000.000 4.68155300 850000.000 5.06284200 228 3  2   14
 875000.000 5.44445000 900000.000 5.81792800 925000.000 6.17431700 228 3  2   15
 950000.000 6.50477200 975000.000 6.80123000 1000000.00 7.05704400 228 3  2   16
 1025000.00 7.26747300 1050000.00 7.42994500 1075000.00 7.54408700 228 3  2   17
 1100000.00 7.61152300 1125000.00 7.63550800 1150000.00 7.62046800 228 3  2   18
 1175000.00 7.57153100 1200000.00 7.49409900 1225000.00 7.39350600 228 3  2   19
 1250000.00 7.27476000 1275000.00 7.14238800 1300000.00 7.00035100 228 3  2   20
 1325000.00 6.85202100 1350000.00 6.70019700 1375000.00 6.54715600 228 3  2   21
 1400000.00 6.39470500 1450000.00 6.09684800 1500000.00 5.81411600 228 3  2   22
 1550000.00 5.55026400 1600000.00 5.30665700 1650000.00 5.08321400 228 3  2   23
 1700000.00 4.87904000 1750000.00 4.69282000 1800000.00 4.52307400 228 3  2   24
 1850000.00 4.36829300 1900000.00 4.22702500 1950000.00 4.09791900 228 3  2   25
 2000000.00 3.97973700 2050000.00 3.87136200 2100000.00 3.77179400 228 3  2   26
 2150000.00 3.68014000 2200000.00 3.59560900 2250000.00 3.51749400 228 3  2   27
 2300000.00 3.44517200 2350000.00 3.37808600 2400000.00 3.31574200 228 3  2   28
 2450000.00 3.25770200 2500000.00 3.20357200 2550000.00 3.15300100 228 3  2   29
 2600000.00 3.10567600 2650000.00 3.06131400 2700000.00 3.01966200 228 3  2   30
 2750000.00 2.98049200 2800000.00 2.94359600 2850000.00 2.90878800 228 3  2   31
 2900000.00 2.87589900 2950000.00 2.84477400 3000000.00 2.81527400 228 3  2   32
 3100000.00 2.76064600 3200000.00 2.71111800 3300000.00 2.66593900 228 3  2   33
 3400000.00 2.62447400 3500000.00 2.58618600 3600000.00 2.55061800 228 3  2   34
 3700000.00 2.51738400 3800000.00 2.48615100 3900000.00 2.45663800 228 3  2   35
 4000000.00 2.42860400 4100000.00 2.40184300 4200000.00 2.37618100 228 3  2   36
 4300000.00 2.35146800 4400000.00 2.32758000 4500000.00 2.30440800 228 3  2   37
 4600000.00 2.28186300 4700000.00 2.25986900 4800000.00 2.23836200 228 3  2   38
 4900000.00 2.21728800 5000000.00 2.19660400 5200000.00 2.15626200 228 3  2   39
 5400000.00 2.11711100 5600000.00 2.07899700 5800000.00 2.04182000 228 3  2   40
 6000000.00 2.00551200 6200000.00 1.97002900 6400000.00 1.93534200 228 3  2   41
 6600000.00 1.90142900 6800000.00 1.86827500 7000000.00 1.83586900 228 3  2   42
 7200000.00 1.80419700 7400000.00 1.77324800 7600000.00 1.74301100 228 3  2   43
 7800000.00 1.71347200 8000000.00 1.68461900 8200000.00 1.65643700 228 3  2   44
 8400000.00 1.62891100 8600000.00 1.60202600 8800000.00 1.57576800 228 3  2   45
 9000000.00 1.55011900 9200000.00 1.52506400 9400000.00 1.50058700 228 3  2   46
 9600000.00 1.47667400 9800000.00 1.45330700 10000000.0 1.43047300 228 3  2   47
 10500000.0 1.37561800 11000000.0 1.32377600 11500000.0 1.27474200 228 3  2   48
 12000000.0 1.22833000 12500000.0 1.18437000 13000000.0 1.14270900 228 3  2   49
 13500000.0 1.10320600 14000000.0 1.06573900 14500000.0 1.03019300 228 3  2   50
 15000000.0 .996468400 15500000.0 .964472800 16000000.0 .934124300 228 3  2   51
 16500000.0 .905349400 17000000.0 .878082400 17500000.0 .852265500 228 3  2   52
 18000000.0 .827849000 18500000.0 .804792800 19000000.0 .783068700 228 3  2   53
 19500000.0 .762667800 20000000.0 .743616900                       228 3  2   54
                                                                   228 3  099999
                                                                   228 0  0    0
 2004.00000 3.96821900          0          1          0          0 228 4  2    1
 0.0        3.96821900          0          2          0          0 228 4  2    2
 0.0        0.0                 0          0          1        152 228 4  2    3
        152          2                                             228 4  2    4
 0.0        1.00000E-5          0          0         10          0 228 4  2    5
-1.2064E-11-1.3145E-172.48695E-175.25024E-17-3.2298E-18-3.6348E-17 228 4  2    6
-1.8948E-18-7.9415E-182.24387E-183.38361E-18                       228 4  2    7
 0.0        .025300000          0          0         10          0 228 4  2    8
-3.05226E-82.26668E-162.03017E-18 4.5002E-171.55031E-17-3.2522E-17 228 4  2    9
4.73705E-19-1.9227E-17-7.4796E-194.06033E-18                       228 4  2   10
 0.0        1.00000000          0          0         10          0 228 4  2   11
-1.20643E-63.80336E-132.06569E-16-7.8951E-193.77888E-17-4.0720E-17 228 4  2   12
2.51064E-17-3.3438E-171.49591E-17-8.1207E-18                       228 4  2   13
 0.0        10.0000000          0          0         10          0 228 4  2   14
-1.20644E-53.80926E-111.89922E-15-7.7372E-164.42484E-16-3.1593E-16 228 4  2   15
2.01325E-16-1.5131E-16 1.7951E-16-1.4482E-16                       228 4  2   16
 0.0        100.000000          0          0         10          0 228 4  2   17
-1.20651E-4 3.81037E-91.84178E-14-8.1253E-154.50723E-15-2.7871E-15 228 4  2   18
2.04358E-15-1.4709E-151.77566E-15-1.4056E-15                       228 4  2   19
 0.0        1000.00000          0          0         10          0 228 4  2   20
-.001207300 3.81575E-7-7.7545E-14-8.2072E-144.52915E-14-2.7620E-14 228 4  2   21
2.04148E-14-1.4542E-141.78706E-14-1.4058E-14                       228 4  2   22
 0.0        5000.00000          0          0         10          0 228 4  2   23
-.006053760 9.59854E-6-3.2241E-11-4.1459E-132.28866E-13-1.3932E-13 228 4  2   24
 1.0306E-13-7.3360E-149.01723E-14-7.0930E-14                       228 4  2   25
 0.0        10000.0000          0          0         10          0 228 4  2   26
-.012150200 3.86907E-5-2.6457E-10-8.3089E-134.63576E-13-2.8207E-13 228 4  2   27
2.08603E-13-1.4847E-131.82478E-13-1.4352E-13                       228 4  2   28
 0.0        20000.0000          0          0         10          0 228 4  2   29
-.024467100 1.57142E-4-2.14344E-9-1.5507E-129.50857E-13-5.7805E-13 228 4  2   30
4.27272E-13-3.0400E-133.73505E-13-2.9373E-13                       228 4  2   31
 0.0        40000.0000          0          0         10          0 228 4  2   32
-.049566900 6.47685E-4-1.74082E-8-7.3979E-131.99577E-12-1.2129E-12 228 4  2   33
8.95452E-13-6.3678E-137.81824E-13-6.1467E-13                       228 4  2   34
 0.0        60000.0000          0          0         10          0 228 4  2   35
-.075220000 .001500350-5.95148E-89.09864E-123.12312E-12-1.9063E-12 228 4  2   36
1.40577E-12-9.9912E-131.22597E-12-9.6366E-13                       228 4  2   37
 0.0        80000.0000          0          0         10          0 228 4  2   38
-.101329000 .002743450-1.42705E-73.92383E-114.29523E-12-2.6597E-12 228 4  2   39
1.95922E-12-1.3917E-121.70665E-12-1.3412E-12                       228 4  2   40
 0.0        100000.000          0          0         10          0 228 4  2   41
-.127776000 .004404220-2.81550E-71.05591E-105.43414E-12-3.4736E-12 228 4  2   42
2.55622E-12-1.8148E-122.22429E-12-1.7477E-12                       228 4  2   43
 0.0        150000.000          0          0         10          0 228 4  2   44
-.194425000 .010542800-9.67762E-7 5.7464E-107.08863E-12-5.7696E-12 228 4  2   45
4.23785E-12-3.0049E-123.67795E-12-2.8885E-12                       228 4  2   46
 0.0        200000.000          0          0         10          0 228 4  2   47
-.259581000 .019743300-2.30876E-6 1.83689E-93.25565E-12-8.4038E-12 228 4  2   48
6.17201E-12-4.3711E-125.34343E-12-4.1947E-12                       228 4  2   49
 0.0        250000.000          0          0         10          0 228 4  2   50
-.319873000 .032100500-4.47393E-6 4.42542E-9-1.4160E-11-1.1279E-11 228 4  2   51
8.31034E-12-5.8790E-127.17827E-12-5.6328E-12                       228 4  2   52
 0.0        300000.000          0          0         10          0 228 4  2   53
-.371574000 .047414900-7.54368E-6 8.87684E-9-5.7420E-11-1.4220E-11 228 4  2   54
1.05718E-11-7.4712E-129.11217E-12-7.1476E-12                       228 4  2   55
 0.0        350000.000          0          0         10          0 228 4  2   56
-.411144000 .065145200-1.14735E-5 1.55968E-8-1.4192E-10-1.6982E-11 228 4  2   57
1.28477E-11-9.0709E-121.10515E-11-8.6657E-12                       228 4  2   58
 0.0        400000.000          0          0         10          0 228 4  2   59
-.435872000 .084435800-1.60800E-5 2.47298E-8-2.8363E-10-1.9264E-11 228 4  2   60
1.50144E-11-1.0591E-111.28908E-11-1.0105E-11                       228 4  2   61
 0.0        450000.000          0          0         10          0 228 4  2   62
-.444419000 .104228000-2.10595E-5 3.60804E-8-4.9541E-10-2.0762E-11 228 4  2   63
1.69532E-11-1.1949E-111.45295E-11-1.1385E-11                       228 4  2   64
 0.0        500000.000          0          0         10          0 228 4  2   65
-.437072000 .123433000-2.60380E-5 4.91225E-8-7.8344E-10-2.1217E-11 228 4  2   66
1.85698E-11-1.3078E-111.58884E-11-1.2446E-11                       228 4  2   67
 0.0        550000.000          0          0         10          0 228 4  2   68
-.415597000 .141099000-3.06362E-5 6.30946E-8-1.14474E-9-2.0463E-11 228 4  2   69
1.98081E-11-1.3940E-11 1.6921E-11-1.3251E-11                       228 4  2   70
 0.0        600000.000          0          0         10          0 228 4  2   71
-.382789000 .156544000-3.45287E-5 7.71457E-8-1.56653E-9-1.8452E-11 228 4  2   72
2.06528E-11-1.4525E-111.76165E-11-1.3792E-11                       228 4  2   73
 0.0        625000.000          0          0         10          0 228 4  2   74
-.363145000 .163305000-3.61330E-5 8.39473E-8-1.79368E-9-1.6992E-11 228 4  2   75
2.09329E-11-1.4718E-111.78428E-11-1.3967E-11                       228 4  2   76
 0.0        650000.000          0          0         10          0 228 4  2   77
-.341884000 .169393000-3.74807E-5 9.04818E-8-2.02731E-9-1.5251E-11 228 4  2   78
2.11244E-11-1.4848E-111.79938E-11-1.4083E-11                       228 4  2   79
 0.0        675000.000          0          0         10          0 228 4  2   80
-.319395000 .174805000-3.85582E-5 9.66763E-8-2.26369E-9-1.3253E-11 228 4  2   81
2.12338E-11-1.4921E-11 1.8075E-11-1.4145E-11                       228 4  2   82
 0.0        700000.000          0          0         10          0 228 4  2   83
-.296036000 .179553000-3.93578E-5 1.02472E-7-2.49881E-9-1.1025E-11 228 4  2   84
 2.1268E-11-1.4941E-111.80925E-11-1.4157E-11                       228 4  2   85
 0.0        725000.000          0          0         10          0 228 4  2   86
-.272133000 .183657000-3.98764E-5 1.07823E-7-2.72843E-9-8.5987E-12 228 4  2   87
2.12343E-11-1.4914E-111.80529E-11-1.4124E-11                       228 4  2   88
 0.0        750000.000          0          0         10          0 228 4  2   89
-.247971000 .187147000-4.01155E-5 1.12700E-7-2.94814E-9-6.0068E-12 228 4  2   90
2.11405E-11-1.4845E-111.79624E-11-1.4051E-11                       228 4  2   91
 0.0        775000.000          0          0         10          0 228 4  2   92
-.223796000 .190060000-4.00799E-5 1.17086E-7-3.15338E-9-3.2844E-12 228 4  2   93
2.09936E-11-1.4739E-111.78276E-11-1.3944E-11                       228 4  2   94
 0.0        800000.000          0          0         10          0 228 4  2   95
-.199819000 .192435000-3.97772E-5 1.20976E-7-3.33948E-9-4.6722E-13 228 4  2   96
2.08009E-11-1.4601E-111.76545E-11-1.3807E-11                       228 4  2   97
 0.0        825000.000          0          0         10          0 228 4  2   98
-.176209000 .194313000-3.92171E-5 1.24377E-7-3.50169E-92.40873E-12 228 4  2   99
 2.0569E-11-1.4436E-11 1.7449E-11-1.3645E-11                       228 4  2  100
 0.0        850000.000          0          0         10          0 228 4  2  101
-.153107000 .195737000-3.84107E-5 1.27307E-7-3.63515E-95.30768E-12 228 4  2  102
2.03041E-11-1.4249E-111.72162E-11-1.3461E-11                       228 4  2  103
 0.0        875000.000          0          0         10          0 228 4  2  104
-.130619000 .196749000-3.73698E-5 1.29792E-7-3.73497E-98.19454E-12 228 4  2  105
2.00115E-11-1.4043E-11 1.6961E-11-1.3260E-11                       228 4  2  106
 0.0        900000.000          0          0         10          0 228 4  2  107
-.108829000 .197390000-3.61070E-5 1.31868E-7-3.79612E-91.10353E-11 228 4  2  108
1.96965E-11-1.3821E-111.66877E-11-1.3044E-11                       228 4  2  109
 0.0        925000.000          0          0         10          0 228 4  2  110
-.087795500 .197698000-3.46350E-5 1.33576E-7-3.81353E-91.37973E-11 228 4  2  111
1.93633E-11-1.3588E-111.64001E-11-1.2818E-11                       228 4  2  112
 0.0        950000.000          0          0         10          0 228 4  2  113
-.067558300 .197710000-3.29663E-5 1.34965E-7-3.78203E-91.64495E-11 228 4  2  114
1.90157E-11-1.3345E-111.61016E-11-1.2583E-11                       228 4  2  115
 0.0        975000.000          0          0         10          0 228 4  2  116
-.048141400 .197460000-3.11132E-5 1.36087E-7-3.69633E-91.89627E-11 228 4  2  117
1.86571E-11-1.3095E-111.57952E-11-1.2343E-11                       228 4  2  118
 0.0        1000000.00          0          0         10          0 228 4  2  119
-.029555300 .196979000-2.90873E-5 1.37001E-7-3.55105E-92.13098E-11 228 4  2  120
1.82901E-11-1.2841E-111.54834E-11-1.2097E-11                       228 4  2  121
 0.0        1025000.00          0          0         10          0 228 4  2  122
-.011799900 .196295000-2.69001E-5 1.37769E-7-3.34068E-9 2.3466E-11 228 4  2  123
1.79173E-11-1.2584E-111.51684E-11-1.1850E-11                       228 4  2  124
 0.0        1050000.00          0          0         10          0 228 4  2  125
 .005133350 .195436000-2.45621E-5 1.38457E-7-3.05958E-92.54092E-11 228 4  2  126
1.75404E-11-1.2326E-11 1.4852E-11-1.1602E-11                       228 4  2  127
 0.0        1075000.00          0          0         10          0 228 4  2  128
 .021259800 .194424000-2.20834E-5 1.39134E-7-2.70195E-92.71197E-11 228 4  2  129
 1.7161E-11-1.2068E-111.45359E-11-1.1353E-11                       228 4  2  130
 0.0        1100000.00          0          0         10          0 228 4  2  131
 .036599700 .193280000-1.94734E-5 1.39873E-7-2.26188E-92.85811E-11 228 4  2  132
1.67803E-11-1.1811E-111.42213E-11-1.1106E-11                       228 4  2  133
 0.0        1125000.00          0          0         10          0 228 4  2  134
 .051177200 .192024000-1.67408E-5 1.40746E-7-1.73325E-92.97801E-11 228 4  2  135
1.63991E-11-1.1556E-111.39094E-11-1.0862E-11                       228 4  2  136
 0.0        1150000.00          0          0         10          0 228 4  2  137
 .065019100 .190673000-1.38938E-5 1.41833E-7-1.10980E-93.07069E-11 228 4  2  138
 1.6018E-11-1.1303E-111.36011E-11-1.0620E-11                       228 4  2  139
 0.0        1175000.00          0          0         10          0 228 4  2  140
 .078153800 .189241000-1.09399E-5 1.43212E-7-3.8509E-103.13554E-11 228 4  2  141
1.56373E-11-1.1055E-11 1.3297E-11-1.0381E-11                       228 4  2  142
 0.0        1200000.00          0          0         10          0 228 4  2  143
 .090610800 .187743000-7.88626E-6 1.44963E-74.47512E-103.17235E-11 228 4  2  144
1.52571E-11-1.0810E-111.29979E-11-1.0146E-11                       228 4  2  145
 0.0        1225000.00          0          0         10          0 228 4  2  146
 .102420000 .186191000-4.73925E-6 1.47172E-7 1.39482E-93.18136E-11 228 4  2  147
1.48772E-11-1.0569E-111.27042E-11-9.9160E-12                       228 4  2  148
 0.0        1250000.00          0          0         10          0 228 4  2  149
 .113612000 .184594000-1.50491E-6 1.49922E-7 2.46384E-93.16325E-11 228 4  2  150
1.44972E-11-1.0334E-111.24162E-11-9.6901E-12                       228 4  2  151
 0.0        1275000.00          0          0         10          0 228 4  2  152
 .124216000 .182963000 1.81119E-6 1.53301E-7 3.66178E-93.11921E-11 228 4  2  153
1.41167E-11-1.0103E-111.21342E-11-9.4690E-12                       228 4  2  154
 0.0        1300000.00          0          0         10          0 228 4  2  155
 .134261000 .181306000 5.20391E-6 1.57398E-7 4.99605E-93.05096E-11 228 4  2  156
1.37347E-11-9.8777E-121.18585E-11-9.2529E-12                       228 4  2  157
 0.0        1325000.00          0          0         10          0 228 4  2  158
 .143776000 .179631000 8.66847E-6 1.62303E-7 6.47425E-92.96078E-11 228 4  2  159
1.33505E-11-9.6576E-121.15891E-11-9.0418E-12                       228 4  2  160
 0.0        1350000.00          0          0         10          0 228 4  2  161
 .152787000 .177943000 1.22004E-5 1.68107E-7 8.10422E-92.85152E-11 228 4  2  162
1.29628E-11-9.4429E-121.13263E-11-8.8357E-12                       228 4  2  163
 0.0        1375000.00          0          0         10          0 228 4  2  164
 .161323000 .176249000 1.57958E-5 1.74905E-7 9.89396E-9 2.7267E-11 228 4  2  165
1.25704E-11-9.2338E-12 1.1070E-11-8.6349E-12                       228 4  2  166
 0.0        1400000.00          0          0         10          0 228 4  2  167
 .169407000 .174553000 1.94506E-5 1.82790E-7 1.18517E-82.59049E-11 228 4  2  168
1.21719E-11-9.0303E-121.08202E-11-8.4392E-12                       228 4  2  169
 0.0        1450000.00          0          0         10          0 228 4  2  170
 .184317000 .171176000 2.69248E-5 2.02213E-7 1.63053E-82.30414E-11 228 4  2  171
1.13498E-11-8.6399E-121.03403E-11-8.0632E-12                       228 4  2  172
 0.0        1500000.00          0          0         10          0 228 4  2  173
 .197698000 .167840000 3.45975E-5 2.27159E-7 2.15351E-82.04057E-11 228 4  2  174
1.04813E-11-8.2721E-129.88606E-12-7.7074E-12                       228 4  2  175
 0.0        1550000.00          0          0         10          0 228 4  2  176
 .209713000 .164570000 4.24464E-5 2.58434E-7 2.76144E-81.86091E-11 228 4  2  177
9.54842E-12-7.9266E-129.45689E-12-7.3713E-12                       228 4  2  178
 0.0        1600000.00          0          0         10          0 228 4  2  179
 .220508000 .161383000 5.04518E-5 2.96856E-7 3.46200E-81.84049E-11 228 4  2  180
 8.5301E-12-7.6034E-129.05201E-12-7.0544E-12                       228 4  2  181
 0.0        1650000.00          0          0         10          0 228 4  2  182
 .230214000 .158292000 5.85964E-5 3.43258E-7 4.26318E-82.06995E-11 228 4  2  183
7.40182E-12-7.3022E-128.67049E-12-6.7559E-12                       228 4  2  184
 0.0        1700000.00          0          0         10          0 228 4  2  185
 .238946000 .155309000 6.68646E-5 3.98482E-7 5.17329E-82.65632E-11 228 4  2  186
6.13546E-12-7.0232E-128.31145E-12-6.4750E-12                       228 4  2  187
 0.0        1750000.00          0          0         10          0 228 4  2  188
 .246808000 .152441000 7.52426E-5 4.63376E-7 6.20093E-83.72412E-11 228 4  2  189
4.69921E-12-6.7663E-127.97385E-12-6.2111E-12                       228 4  2  190
 0.0        1800000.00          0          0         10          0 228 4  2  191
 .253894000 .149694000 8.37179E-5 5.38792E-7 7.35499E-85.41623E-11 228 4  2  192
3.05667E-12-6.5319E-127.65683E-12-5.9635E-12                       228 4  2  193
 0.0        1850000.00          0          0         10          0 228 4  2  194
 .260286000 .147072000 9.22792E-5 6.25579E-7 8.64464E-87.89479E-11 228 4  2  195
1.16693E-12-6.3203E-127.35943E-12-5.7314E-12                       228 4  2  196
 0.0        1900000.00          0          0         10          0 228 4  2  197
 .266057000 .144580000 1.00916E-4 7.24581E-7 1.00793E-7 1.1342E-10 228 4  2  198
-1.0159E-12-6.1323E-127.08078E-12-5.5142E-12                       228 4  2  199
 0.0        1950000.00          0          0         10          0 228 4  2  200
 .271273000 .142218000 1.09619E-4 8.36635E-7 1.16685E-71.59607E-10 228 4  2  201
-3.5435E-12-5.9686E-126.82003E-12-5.3112E-12                       228 4  2  202
 0.0        2000000.00          0          0         10          0 228 4  2  203
 .275994000 .139989000 1.18380E-4 9.62562E-7 1.34223E-72.19747E-10 228 4  2  204
-6.4730E-12-5.8306E-126.57631E-12-5.1219E-12                       228 4  2  205
 0.0        2050000.00          0          0         10          0 228 4  2  206
 .280272000 .137894000 1.27191E-4 1.10317E-6 1.53506E-72.96298E-10 228 4  2  207
-9.8683E-12-5.7197E-126.34883E-12-4.9457E-12                       228 4  2  208
 0.0        2100000.00          0          0         10          0 228 4  2  209
 .284155000 .135931000 1.36045E-4 1.25923E-6 1.74635E-73.91931E-10 228 4  2  210
-1.3800E-11-5.6376E-126.13686E-12-4.7820E-12                       228 4  2  211
 0.0        2150000.00          0          0         10          0 228 4  2  212
 .287685000 .134102000 1.44934E-4 1.43152E-6 1.97715E-75.09537E-10 228 4  2  213
-1.8346E-11-5.5866E-125.93958E-12-4.6304E-12                       228 4  2  214
 0.0        2200000.00          0          0         10          0 228 4  2  215
 .290900000 .132405000 1.53853E-4 1.62075E-6 2.22850E-76.52226E-10 228 4  2  216
-2.3593E-11-5.5692E-125.75629E-12-4.4904E-12                       228 4  2  217
 0.0        2250000.00          0          0         10          0 228 4  2  218
 .293835000 .130840000 1.62797E-4 1.82763E-6 2.50145E-78.23321E-10 228 4  2  219
-2.9634E-11-5.5882E-125.58621E-12-4.3614E-12                       228 4  2  220
 0.0        2300000.00          0          0         10          0 228 4  2  221
 .296521000 .129405000 1.71759E-4 2.05281E-6 2.79705E-7 1.02636E-9 228 4  2  222
-3.6574E-11-5.6473E-125.42865E-12-4.2432E-12                       228 4  2  223
 0.0        2350000.00          0          0         10          0 228 4  2  224
 .298986000 .128099000 1.80736E-4 2.29691E-6 3.11637E-7 1.26508E-9 228 4  2  225
-4.4525E-11-5.7502E-125.28288E-12-4.1351E-12                       228 4  2  226
 0.0        2400000.00          0          0         10          0 228 4  2  227
 .301255000 .126919000 1.89723E-4 2.56053E-6 3.46047E-7 1.54342E-9 228 4  2  228
-5.3611E-11-5.9015E-125.14811E-12-4.0370E-12                       228 4  2  229
 0.0        2450000.00          0          0         10          0 228 4  2  230
 .303352000 .125865000 1.98715E-4 2.84418E-6 3.83040E-7 1.86551E-9 228 4  2  231
-6.3965E-11-6.1062E-125.02364E-12-3.9482E-12                       228 4  2  232
 0.0        2500000.00          0          0         10          0 228 4  2  233
 .305297000 .124933000 2.07710E-4 3.14837E-6 4.22722E-7 2.23568E-9 228 4  2  234
-7.5734E-11-6.3699E-124.90865E-12-3.8686E-12                       228 4  2  235
 0.0        2550000.00          0          0         10          0 228 4  2  236
 .307109000 .124122000 2.16704E-4 3.47354E-6 4.65196E-7 2.65838E-9 228 4  2  237
-8.9075E-11-6.6992E-124.80235E-12-3.7977E-12                       228 4  2  238
 0.0        2600000.00          0          0         10          0 228 4  2  239
 .308804000 .123428000 2.25694E-4 3.82007E-6 5.10568E-7 3.13828E-9 228 4  2  240
-1.0416E-10-7.1009E-124.70392E-12-3.7352E-12                       228 4  2  241
 0.0        2650000.00          0          0         10          0 228 4  2  242
 .310399000 .122849000 2.34677E-4 4.18831E-6 5.58938E-7 3.68015E-9 228 4  2  243
-1.2117E-10-7.5831E-124.61247E-12-3.6808E-12                       228 4  2  244
 0.0        2700000.00          0          0         10          0 228 4  2  245
 .311906000 .122383000 2.43650E-4 4.57855E-6 6.10407E-7 4.28892E-9 228 4  2  246
-1.4031E-10-8.1546E-124.52705E-12-3.6341E-12                       228 4  2  247
 0.0        2750000.00          0          0         10          0 228 4  2  248
 .313339000 .122025000 2.52611E-4 4.99104E-6 6.65076E-7 4.96961E-9 228 4  2  249
-1.6178E-10-8.8251E-124.44674E-12-3.5947E-12                       228 4  2  250
 0.0        2800000.00          0          0         10          0 228 4  2  251
 .314708000 .121773000 2.61558E-4 5.42597E-6 7.23040E-7 5.72738E-9 228 4  2  252
-1.8583E-10-9.6052E-124.37044E-12-3.5624E-12                       228 4  2  253
 0.0        2850000.00          0          0         10          0 228 4  2  254
 .316025000 .121623000 2.70489E-4 5.88348E-6 7.84397E-7 6.56745E-9 228 4  2  255
-2.1269E-10-1.0507E-114.29711E-12-3.5369E-12                       228 4  2  256
 0.0        2900000.00          0          0         10          0 228 4  2  257
 .317296000 .121573000 2.79403E-4 6.36366E-6 8.49239E-7 7.49512E-9 228 4  2  258
-2.4263E-10-1.1543E-114.22553E-12-3.5179E-12                       228 4  2  259
 0.0        2950000.00          0          0         10          0 228 4  2  260
 .318532000 .121619000 2.88297E-4 6.86657E-6 9.17657E-7 8.51576E-9 228 4  2  261
-2.7593E-10-1.2728E-114.15446E-12-3.5050E-12                       228 4  2  262
 0.0        3000000.00          0          0         10          0 228 4  2  263
 .319739000 .121756000 2.97169E-4 7.39220E-6 9.89740E-7 9.63477E-9 228 4  2  264
-3.1290E-10-1.4076E-114.08251E-12-3.4979E-12                       228 4  2  265
 0.0        3100000.00          0          0         10          0 228 4  2  266
 .322091000 .122293000 3.14846E-4 8.51141E-6 1.14525E-6 1.21897E-8 228 4  2  267
-3.9914E-10-1.7336E-113.93017E-12-3.5003E-12                       228 4  2  268
 0.0        3200000.00          0          0         10          0 228 4  2  269
 .324395000 .123154000 3.32423E-4 9.72047E-6 1.31643E-6 1.52034E-8 228 4  2  270
-5.0419E-10-2.1477E-113.75546E-12-3.5229E-12                       228 4  2  271
 0.0        3300000.00          0          0         10          0 228 4  2  272
 .326684000 .124311000 3.49891E-4 1.10180E-5 1.50391E-6 1.87194E-8 228 4  2  273
-6.3128E-10-2.6681E-113.54321E-12-3.5634E-12                       228 4  2  274
 0.0        3400000.00          0          0         10          0 228 4  2  275
 .328983000 .125732000 3.67243E-4 1.24020E-5 1.70829E-6 2.27805E-8 228 4  2  276
-7.8404E-10-3.3163E-113.27572E-12-3.6200E-12                       228 4  2  277
 0.0        3500000.00          0          0         10          0 228 4  2  278
 .331309000 .127390000 3.84469E-4 1.38702E-5 1.93011E-6 2.74289E-8 228 4  2  279
-9.6656E-10-4.1175E-112.93233E-12-3.6907E-12                       228 4  2  280
 0.0        3600000.00          0          0         10          0 228 4  2  281
 .333674000 .129254000 4.01564E-4 1.54200E-5 2.16991E-6 3.27056E-8 228 4  2  282
-1.18341E-9-5.1009E-112.48889E-12-3.7737E-12                       228 4  2  283
 0.0        3700000.00          0          0         10          0 228 4  2  284
 .336085000 .131299000 4.18520E-4 1.70484E-5 2.42817E-6 3.86502E-8 228 4  2  285
-1.43971E-9-6.3001E-111.91709E-12-3.8675E-12                       228 4  2  286
 0.0        3800000.00          0          0         10          0 228 4  2  287
 .338546000 .133496000 4.35330E-4 1.87527E-5 2.70536E-6 4.53012E-8 228 4  2  288
-1.74115E-9-7.7543E-111.18396E-12-3.9707E-12                       228 4  2  289
 0.0        3900000.00          0          0         10          0 228 4  2  290
 .341056000 .135822000 4.51986E-4 2.05295E-5 3.00194E-6 5.26957E-8 228 4  2  291
-2.09407E-9-9.5083E-112.50959E-13-4.0817E-12                       228 4  2  292
 0.0        4000000.00          0          0         10          0 228 4  2  293
 .343614000 .138253000 4.68482E-4 2.23761E-5 3.31833E-6 6.08694E-8 228 4  2  294
-2.50546E-9-1.1613E-10-9.2688E-13-4.1996E-12                       228 4  2  295
 0.0        4100000.00          0          0         10          0 228 4  2  296
 .346216000 .140768000 4.84810E-4 2.42894E-5 3.65495E-6 6.98568E-8 228 4  2  297
-2.98306E-9-1.4128E-10-2.4018E-12-4.3232E-12                       228 4  2  298
 0.0        4200000.00          0          0         10          0 228 4  2  299
 .348856000 .143347000 5.00964E-4 2.62667E-5 4.01221E-6 7.96911E-8 228 4  2  300
-3.53541E-9-1.7119E-10-4.2346E-12-4.4517E-12                       228 4  2  301
 0.0        4300000.00          0          0         10          0 228 4  2  302
 .351529000 .145971000 5.16935E-4 2.83055E-5 4.39052E-6 9.04049E-8 228 4  2  303
-4.17187E-9-2.0661E-10-6.4955E-12-4.5844E-12                       228 4  2  304
 0.0        4400000.00          0          0         10          0 228 4  2  305
 .354227000 .148625000 5.32717E-4 3.04033E-5 4.79028E-6 1.02030E-7 228 4  2  306
-4.90272E-9-2.4841E-10-9.2661E-12-4.7208E-12                       228 4  2  307
 0.0        4500000.00          0          0         10          0 228 4  2  308
 .356944000 .151294000 5.48305E-4 3.25582E-5 5.21191E-6 1.14598E-7 228 4  2  309
-5.73921E-9-2.9754E-10-1.2640E-11-4.8606E-12                       228 4  2  310
 0.0        4600000.00          0          0         10          0 228 4  2  311
 .359673000 .153964000 5.63690E-4 3.47683E-5 5.65582E-6 1.28139E-7 228 4  2  312
-6.69363E-9-3.5509E-10-1.6725E-11-5.0035E-12                       228 4  2  313
 0.0        4700000.00          0          0         10          0 228 4  2  314
 .362407000 .156625000 5.78869E-4 3.70323E-5 6.12244E-6 1.42685E-7 228 4  2  315
-7.77934E-9-4.2227E-10-2.1646E-11-5.1496E-12                       228 4  2  316
 0.0        4800000.00          0          0         10          0 228 4  2  317
 .365140000 .159267000 5.93835E-4 3.93488E-5 6.61221E-6 1.58267E-7 228 4  2  318
-9.01089E-9-5.0044E-10-2.7545E-11-5.2990E-12                       228 4  2  319
 0.0        4900000.00          0          0         10          0 228 4  2  320
 .367865000 .161881000 6.08586E-4 4.17172E-5 7.12557E-6 1.74919E-7 228 4  2  321
-1.04040E-8-5.9111E-10-3.4583E-11-5.4520E-12                       228 4  2  322
 0.0        5000000.00          0          0         10          0 228 4  2  323
 .370576000 .164458000 6.23116E-4 4.41369E-5 7.66302E-6 1.92673E-7 228 4  2  324
-1.19759E-8-6.9598E-10-4.2946E-11-5.6092E-12                       228 4  2  325
 0.0        5200000.00          0          0         10          0 228 4  2  326
 .375937000 .169484000 6.51511E-4 4.91298E-5 8.81212E-6 2.31631E-7 228 4  2  327
-1.57310E-8-9.5602E-10-6.4516E-11-5.9394E-12                       228 4  2  328
 0.0        5400000.00          0          0         10          0 228 4  2  329
 .381186000 .174306000 6.79013E-4 5.43297E-5 1.00637E-5 2.75447E-7 228 4  2  330
-2.04416E-8-1.29812E-9-9.4296E-11-6.2979E-12                       228 4  2  331
 0.0        5600000.00          0          0         10          0 228 4  2  332
 .386293000 .178899000 7.05636E-4 5.97438E-5 1.14224E-5 3.24463E-7 228 4  2  333
-2.62990E-8-1.74373E-9-1.3489E-10-6.6967E-12                       228 4  2  334
 0.0        5800000.00          0          0         10          0 228 4  2  335
 .391235000 .183251000 7.31413E-4 6.53837E-5 1.28933E-5 3.79079E-7 228 4  2  336
-3.35224E-8-2.31877E-9-1.8959E-10-7.1522E-12                       228 4  2  337
 0.0        6000000.00          0          0         10          0 228 4  2  338
 .395998000 .187355000 7.56398E-4 7.12654E-5 1.44817E-5 4.39756E-7 228 4  2  339
-4.23617E-8-3.05443E-9-2.6253E-10-7.6854E-12                       228 4  2  340
 0.0        6200000.00          0          0         10          0 228 4  2  341
 .400569000 .191212000 7.80671E-4 7.74088E-5 1.61939E-5 5.07036E-7 228 4  2  342
-5.31000E-8-3.98795E-9-3.5886E-10-8.3229E-12                       228 4  2  343
 0.0        6400000.00          0          0         10          0 228 4  2  344
 .404944000 .194827000 8.04331E-4 8.38376E-5 1.80363E-5 5.81551E-7 228 4  2  345
-6.60560E-8-5.16351E-9-4.8492E-10-9.0975E-12                       228 4  2  346
 0.0        6600000.00          0          0         10          0 228 4  2  347
 .409121000 .198207000 8.27504E-4 9.05794E-5 2.00162E-5 6.64040E-7 228 4  2  348
-8.15864E-8-6.63327E-9-6.4854E-10-1.0050E-11                       228 4  2  349
 0.0        6800000.00          0          0         10          0 228 4  2  350
 .413099000 .201363000 8.50337E-4 9.76651E-5 2.21415E-5 7.55364E-7 228 4  2  351
-1.00089E-7-8.45841E-9-8.5924E-10-1.1228E-11                       228 4  2  352
 0.0        7000000.00          0          0         10          0 228 4  2  353
 .416882000 .204306000 8.73002E-4 1.05129E-4 2.44206E-5 8.56522E-7 228 4  2  354
-1.22002E-7-1.07104E-8-1.12860E-9-1.2692E-11                       228 4  2  355
 0.0        7200000.00          0          0         10          0 228 4  2  356
 .420476000 .207048000 8.95692E-4 1.13009E-4 2.68629E-5 9.68669E-7 228 4  2  357
-1.47813E-7-1.34722E-8-1.47058E-9-1.4510E-11                       228 4  2  358
 0.0        7400000.00          0          0         10          0 228 4  2  359
 .423884000 .209601000 9.18624E-4 1.21347E-4 2.94785E-5 1.09314E-6 228 4  2  360
-1.78051E-7-1.68399E-8-1.90192E-9-1.6763E-11                       228 4  2  361
 0.0        7600000.00          0          0         10          0 228 4  2  362
 .427116000 .211978000 9.42038E-4 1.30188E-4 3.22785E-5 1.23145E-6 228 4  2  363
-2.13297E-7-2.09241E-8-2.44265E-9-1.9546E-11                       228 4  2  364
 0.0        7800000.00          0          0         10          0 228 4  2  365
 .430178000 .214190000 9.66196E-4 1.39580E-4 3.52748E-5 1.38536E-6 228 4  2  366
-2.54179E-7-2.58515E-8-3.11656E-9-2.2968E-11                       228 4  2  367
 0.0        8000000.00          0          0         10          0 228 4  2  368
 .433077000 .216249000 9.91381E-4 1.49576E-4 3.84804E-5 1.55685E-6 228 4  2  369
-3.01378E-7-3.17670E-8-3.95178E-9-2.7153E-11                       228 4  2  370
 0.0        8200000.00          0          0         10          0 228 4  2  371
 .435822000 .218166000 .001017900 1.60232E-4 4.19095E-5 1.74818E-6 228 4  2  372
-3.55623E-7-3.88355E-8-4.98149E-9-3.2239E-11                       228 4  2  373
 0.0        8400000.00          0          0         10          0 228 4  2  374
 .438421000 .219952000 .001046080 1.71609E-4 4.55774E-5 1.96190E-6 228 4  2  375
-4.17694E-7-4.72437E-8-6.24463E-9-3.8383E-11                       228 4  2  376
 0.0        8600000.00          0          0         10          0 228 4  2  377
 .440881000 .221615000 .001076260 1.83772E-4 4.95008E-5 2.20090E-6 228 4  2  378
-4.88422E-7-5.72030E-8-7.78671E-9-4.5753E-11                       228 4  2  379
 0.0        8800000.00          0          0         10          0 228 4  2  380
 .443211000 .223167000 .001108810 1.96791E-4 5.36977E-5 2.46842E-6 228 4  2  381
-5.68684E-7-6.89512E-8-9.66074E-9-5.4533E-11                       228 4  2  382
 0.0        9000000.00          0          0         10          0 228 4  2  383
 .445417000 .224614000 .001144130 2.10740E-4 5.81878E-5 2.76809E-6 228 4  2  384
-6.59403E-7-8.27553E-8-1.19283E-8-6.4918E-11                       228 4  2  385
 0.0        9200000.00          0          0         10          0 228 4  2  386
 .447508000 .225966000 .001182630 2.25701E-4 6.29924E-5 3.10398E-6 228 4  2  387
-7.61545E-7-9.89142E-8-1.46605E-8-7.7109E-11                       228 4  2  388
 0.0        9400000.00          0          0         10          0 228 4  2  389
 .449490000 .227229000 .001224720 2.41757E-4 6.81343E-5 3.48066E-6 228 4  2  390
-8.76110E-7-1.17762E-7-1.79394E-8-9.1307E-11                       228 4  2  391
 0.0        9600000.00          0          0         10          0 228 4  2  392
 .451369000 .228412000 .001270860 2.59000E-4 7.36386E-5 3.90317E-6 228 4  2  393
-1.00413E-6-1.39668E-7-2.18595E-8-1.0771E-10                       228 4  2  394
 0.0        9800000.00          0          0         10          0 228 4  2  395
 .453153000 .229519000 .001321520 2.77528E-4 7.95321E-5 4.37716E-6 228 4  2  396
-1.14667E-6-1.65047E-7-2.65288E-8-1.2649E-10                       228 4  2  397
 0.0        10000000.0          0          0         10          0 228 4  2  398
 .454847000 .230558000 .001377180 2.97444E-4 8.58441E-5 4.90888E-6 228 4  2  399
-1.30480E-6-1.94353E-7-3.20710E-8-1.4779E-10                       228 4  2  400
 0.0        10500000.0          0          0         10          0 228 4  2  401
 .458729000 .232892000 .001541620 3.54056E-4 1.03667E-4 6.53804E-6 228 4  2  402
-1.77536E-6-2.88231E-7-5.07181E-8-2.1249E-10                       228 4  2  403
 0.0        11000000.0          0          0         10          0 228 4  2  404
 .462173000 .234912000 .001749030 4.21999E-4 1.24871E-4 8.70301E-6 228 4  2  405
-2.36633E-6-4.19276E-7-7.85284E-8-2.9207E-10                       228 4  2  406
 0.0        11500000.0          0          0         10          0 228 4  2  407
 .465255000 .236685000 .002008590 5.03541E-4 1.50136E-4 1.15690E-5 228 4  2  408
-3.09198E-6-5.99183E-7-1.19263E-7-3.7859E-10                       228 4  2  409
 0.0        12000000.0          0          0         10          0 228 4  2  410
 .468043000 .238268000 .002330240 6.01319E-4 1.80275E-4 1.53447E-5 228 4  2  411
-3.96215E-6-8.42393E-7-1.77952E-7-4.5152E-10                       228 4  2  412
 0.0        12500000.0          0          0         10          0 228 4  2  413
 .470598000 .239712000 .002724620 7.18395E-4 2.16260E-4 2.02922E-5 228 4  2  414
-4.97910E-6-1.16650E-6-2.61228E-7-4.6833E-10                       228 4  2  415
 0.0        13000000.0          0          0         10          0 228 4  2  416
 .472976000 .241063000 .003203100 8.58307E-4 2.59244E-4 2.67381E-5 228 4  2  417
-6.13310E-6-1.59265E-6-3.77742E-7-3.4991E-10                       228 4  2  418
 0.0        13500000.0          0          0         10          0 228 4  2  419
 .475228000 .242358000 .003777750 .001025130 3.10596E-4 3.50881E-5 228 4  2  420
-7.39665E-6-2.14590E-6-5.38640E-74.14519E-11                       228 4  2  421
 0.0        14000000.0          0          0         10          0 228 4  2  422
 .477401000 .243636000 .004461340 .001223560 3.71928E-4 4.58433E-5 228 4  2  423
-8.71682E-6-2.85558E-6-7.58133E-79.34755E-10                       228 4  2  424
 0.0        14500000.0          0          0         10          0 228 4  2  425
 .479539000 .244929000 .005267350 .001458960 4.45138E-4 5.96213E-5 228 4  2  426
-1.00053E-5-3.75545E-6-1.05415E-6 2.69781E-9                       228 4  2  427
 0.0        15000000.0          0          0         10          0 228 4  2  428
 .481684000 .246270000 .006209950 .001737510 5.32455E-4 7.71809E-5 228 4  2  429
-1.11254E-5-4.88386E-6-1.44910E-6 5.90559E-9                       228 4  2  430
 0.0        15500000.0          0          0         10          0 228 4  2  431
 .483876000 .247687000 .007304090 .002066250 6.36493E-4 9.94532E-5 228 4  2  432
-1.18751E-5-6.28351E-6-1.97067E-6 1.14372E-8                       228 4  2  433
 0.0        16000000.0          0          0         10          0 228 4  2  434
 .486153000 .249211000 .008565480 .002453300 7.60320E-4 1.27580E-4 228 4  2  435
-1.19644E-5-8.00107E-6-2.65281E-6 2.06124E-8                       228 4  2  436
 0.0        16500000.0          0          0         10          0 228 4  2  437
 .488553000 .250868000 .010010800 .002907990 9.07539E-4 1.62965E-4 228 4  2  438
-1.09859E-5-1.00862E-5-3.53664E-6 3.53810E-8                       228 4  2  439
 0.0        17000000.0          0          0         10          0 228 4  2  440
 .491114000 .252687000 .011657900 .003441180 .001082410 2.07336E-4 228 4  2  441
-8.37429E-6-1.25902E-5-4.67150E-6 5.85852E-8                       228 4  2  442
 0.0        17500000.0          0          0         10          0 228 4  2  443
 .493875000 .254697000 .013526100 .004065690 .001289980 2.62833E-4 228 4  2  444
-3.34950E-6-1.55632E-5-6.11588E-6 9.43197E-8                       228 4  2  445
 0.0        18000000.0          0          0         10          0 228 4  2  446
 .496879000 .256928000 .015637300 .004796910 .001536370 3.32136E-4 228 4  2  447
 5.16513E-6-1.90511E-5-7.93818E-6 1.48422E-7                       228 4  2  448
 0.0        18500000.0          0          0         10          0 228 4  2  449
 .500173000 .259411000 .018017200 .005653990 .001829060 4.18647E-4 228 4  2  450
 1.86691E-5-2.30903E-5-1.02171E-5 2.29137E-7                       228 4  2  451
 0.0        19000000.0          0          0         10          0 228 4  2  452
 .503818000 .262188000 .020698400 .006661840 .002177590 5.26805E-4 228 4  2  453
 3.92924E-5-2.76995E-5-1.30412E-5 3.48018E-7                       228 4  2  454
 0.0        19500000.0          0          0         10          0 228 4  2  455
 .507897000 .265309000 .023726300 .007855290 .002594680 6.62632E-4 228 4  2  456
 7.01707E-5-3.28691E-5-1.65070E-5 5.21120E-7                       228 4  2  457
 0.0        20000000.0          0          0         10          0 228 4  2  458
 .512545000 .268856000 .027174400 .009288050 .003098800 8.34871E-4 228 4  2  459
 1.16213E-4-3.85437E-5-2.07140E-5 7.70590E-7                       228 4  2  460
                                                                   228 4  099999
                                                                   228 0  0    0
 2004.00000 3.96821900          0          0          0          1 22833  1    1
 0.0        0.0                 0          1          1          0 22833  1    2
 0.0        0.0                 0          0          0          0 22833  1    3
 1.00000E-5 20000000.0          0          0          2          1 22833  1    4
 1.00000000 2.00000000                                             22833  1    5
                                                                   22833  099999
 2004.00000 3.96821900          0          0          0          1 22833  2    1
 0.0        0.0                 0          2          0          1 22833  2    2
 0.0        0.0                 1          5      11628        152 22833  2    3
 1.00000E-5 .025300000 1.00000000 10.0000000 100.000000 1000.00000 22833  2    4
 5000.00000 10000.0000 20000.0000 40000.0000 60000.0000 80000.0000 22833  2    5
 100000.000 150000.000 200000.000 250000.000 300000.000 350000.000 22833  2    6
 400000.000 450000.000 500000.000 550000.000 600000.000 625000.000 22833  2    7
 650000.000 675000.000 700000.000 725000.000 750000.000 775000.000 22833  2    8
 800000.000 825000.000 850000.000 875000.000 900000.000 925000.000 22833  2    9
 950000.000 975000.000 1000000.00 1025000.00 1050000.00 1075000.00 22833  2   10
 1100000.00 1125000.00 1150000.00 1175000.00 1200000.00 1225000.00 22833  2   11
 1250000.00 1275000.00 1300000.00 1325000.00 1350000.00 1375000.00 22833  2   12
 1400000.00 1450000.00 1500000.00 1550000.00 1600000.00 1650000.00 22833  2   13
 1700000.00 1750000.00 1800000.00 1850000.00 1900000.00 1950000.00 22833  2   14
 2000000.00 2050000.00 2100000.00 2150000.00 2200000.00 2250000.00 22833  2   15
 2300000.00 2350000.00 2400000.00 2450000.00 2500000.00 2550000.00 22833  2   16
 2600000.00 2650000.00 2700000.00 2750000.00 2800000.00 2850000.00 22833  2   17
 2900000.00 2950000.00 3000000.00 3100000.00 3200000.00 3300000.00 22833  2   18
 3400000.00 3500000.00 3600000.00 3700000.00 3800000.00 3900000.00 22833  2   19
 4000000.00 4100000.00 4200000.00 4300000.00 4400000.00 4500000.00 22833  2   20
 4600000.00 4700000.00 4800000.00 4900000.00 5000000.00 5200000.00 22833  2   21
 5400000.00 5600000.00 5800000.00 6000000.00 6200000.00 6400000.00 22833  2   22
 6600000.00 6800000.00 7000000.00 7200000.00 7400000.00 7600000.00 22833  2   23
 7800000.00 8000000.00 8200000.00 8400000.00 8600000.00 8800000.00 22833  2   24
 9000000.00 9200000.00 9400000.00 9600000.00 9800000.00 10000000.0 22833  2   25
 10500000.0 11000000.0 11500000.0 12000000.0 12500000.0 13000000.0 22833  2   26
 13500000.0 14000000.0 14500000.0 15000000.0 15500000.0 16000000.0 22833  2   27
 16500000.0 17000000.0 17500000.0 18000000.0 18500000.0 19000000.0 22833  2   28
 19500000.0 20000000.01.217478E-41.217478E-41.217478E-41.217477E-4 22833  2   29
 1.21747E-41.217394E-41.217017E-41.216455E-41.215017E-4 1.21081E-4 22833  2   30
1.204682E-41.196463E-41.185979E-41.148809E-41.094323E-41.021358E-4 22833  2   31
9.303072E-58.234976E-57.051896E-55.811047E-54.575812E-53.406409E-5 22833  2   32
2.352715E-51.881129E-51.450978E-51.064716E-57.240968E-64.302448E-6 22833  2   33
1.836996E-6-1.55700E-7-1.68192E-6-2.75445E-6-3.39336E-6-3.62661E-6 22833  2   34
-3.49039E-6-3.02874E-6-2.29237E-6-1.33667E-6-2.18908E-71.004747E-6 22833  2   35
2.282222E-63.567959E-64.824526E-66.023316E-67.144392E-68.175648E-6 22833  2   36
9.111576E-69.951858E-61.069996E-51.136188E-51.194513E-51.245789E-5 22833  2   37
1.290846E-51.330483E-51.365445E-51.423966E-51.470919E-51.509688E-5 22833  2   38
1.542719E-51.571722E-5 1.59787E-51.621949E-51.644472E-51.665768E-5 22833  2   39
1.686041E-5 1.70541E-51.723942E-51.741669E-51.758604E-51.774747E-5 22833  2   40
1.790092E-51.804634E-51.818365E-51.831282E-51.843382E-51.854666E-5 22833  2   41
1.865138E-51.874806E-51.883678E-51.891767E-51.899086E-51.905652E-5 22833  2   42
 1.91148E-51.916591E-51.921003E-51.924738E-51.927816E-51.932088E-5 22833  2   43
1.933996E-51.933715E-51.931422E-51.927286E-51.921471E-51.914135E-5 22833  2   44
1.905424E-51.895479E-51.884428E-51.872392E-51.859481E-51.845796E-5 22833  2   45
 1.83143E-51.816464E-51.800975E-5 1.78503E-51.768688E-51.752002E-5 22833  2   46
1.735021E-51.700329E-51.664885E-51.628898E-51.592522E-51.555873E-5 22833  2   47
1.519037E-51.482078E-51.445044E-51.407974E-51.370897E-51.333841E-5 22833  2   48
1.296832E-51.259893E-51.223048E-51.186323E-51.149745E-51.113342E-5 22833  2   49
1.077144E-51.041184E-51.005493E-59.701088E-69.350664E-69.004044E-6 22833  2   50
8.661618E-68.323788E-6 7.50204E-66.718266E-65.979292E-65.292033E-6 22833  2   51
4.663343E-6 4.09990E-63.608065E-63.193747E-62.862247E-62.618101E-6 22833  2   52
2.464911E-62.405186E-62.440178E-6 2.56974E-62.792215E-63.104381E-6 22833  2   53
 3.50149E-63.977484E-6 4.52557E-61.217478E-41.217478E-41.217477E-4 22833  2   54
 1.21747E-41.217394E-41.217017E-41.216455E-41.215017E-4 1.21081E-4 22833  2   55
1.204682E-41.196463E-41.185979E-41.148809E-41.094323E-41.021358E-4 22833  2   56
9.303072E-58.234976E-57.051896E-55.811047E-54.575812E-53.406409E-5 22833  2   57
2.352715E-51.881129E-51.450978E-51.064716E-57.240968E-64.302448E-6 22833  2   58
1.836996E-6-1.55700E-7-1.68192E-6-2.75445E-6-3.39336E-6-3.62661E-6 22833  2   59
-3.49039E-6-3.02874E-6-2.29237E-6-1.33667E-6-2.18908E-71.004747E-6 22833  2   60
2.282222E-63.567959E-64.824526E-66.023316E-67.144392E-68.175648E-6 22833  2   61
9.111576E-69.951858E-61.069996E-51.136188E-51.194513E-51.245789E-5 22833  2   62
1.290846E-51.330483E-51.365445E-51.423966E-51.470919E-51.509688E-5 22833  2   63
1.542719E-51.571722E-5 1.59787E-51.621949E-51.644472E-51.665768E-5 22833  2   64
1.686041E-5 1.70541E-51.723942E-51.741669E-51.758604E-51.774747E-5 22833  2   65
1.790092E-51.804634E-51.818365E-51.831282E-51.843382E-51.854666E-5 22833  2   66
1.865138E-51.874806E-51.883678E-51.891767E-51.899086E-51.905652E-5 22833  2   67
 1.91148E-51.916591E-51.921003E-51.924738E-51.927816E-51.932088E-5 22833  2   68
1.933996E-51.933715E-51.931422E-51.927286E-51.921471E-51.914135E-5 22833  2   69
1.905424E-51.895479E-51.884428E-51.872392E-51.859481E-51.845796E-5 22833  2   70
 1.83143E-51.816464E-51.800975E-5 1.78503E-51.768688E-51.752002E-5 22833  2   71
1.735021E-51.700329E-51.664885E-51.628898E-51.592522E-51.555873E-5 22833  2   72
1.519037E-51.482078E-51.445044E-51.407974E-51.370897E-51.333841E-5 22833  2   73
1.296832E-51.259893E-51.223048E-51.186323E-51.149745E-51.113342E-5 22833  2   74
1.077144E-51.041184E-51.005493E-59.701088E-69.350664E-69.004044E-6 22833  2   75
8.661618E-68.323788E-6 7.50204E-66.718266E-65.979292E-65.292033E-6 22833  2   76
4.663343E-6 4.09990E-63.608065E-63.193747E-62.862247E-62.618101E-6 22833  2   77
2.464911E-62.405186E-62.440178E-6 2.56974E-62.792215E-63.104381E-6 22833  2   78
 3.50149E-63.977484E-6 4.52557E-61.217478E-41.217477E-4 1.21747E-4 22833  2   79
1.217393E-41.217017E-41.216455E-41.215017E-41.210809E-41.204682E-4 22833  2   80
1.196463E-41.185979E-41.148809E-41.094322E-41.021358E-49.303072E-5 22833  2   81
8.234976E-57.051896E-55.811047E-54.575812E-53.406408E-52.352715E-5 22833  2   82
1.881128E-51.450978E-51.064716E-57.240968E-64.302448E-61.836996E-6 22833  2   83
-1.55700E-7-1.68192E-6-2.75445E-6-3.39336E-6-3.62661E-6-3.49039E-6 22833  2   84
-3.02874E-6-2.29237E-6-1.33667E-6-2.18908E-71.004746E-62.282222E-6 22833  2   85
3.567958E-64.824525E-66.023316E-67.144392E-68.175648E-69.111576E-6 22833  2   86
9.951858E-61.069996E-51.136188E-51.194512E-51.245789E-51.290846E-5 22833  2   87
1.330483E-51.365445E-51.423966E-51.470919E-51.509688E-51.542719E-5 22833  2   88
1.571722E-5 1.59787E-51.621949E-51.644472E-51.665768E-51.686041E-5 22833  2   89
1.705409E-51.723942E-51.741669E-51.758604E-51.774747E-51.790092E-5 22833  2   90
1.804634E-51.818365E-51.831282E-51.843382E-51.854666E-51.865138E-5 22833  2   91
1.874806E-51.883678E-51.891767E-51.899086E-51.905651E-5 1.91148E-5 22833  2   92
1.916591E-51.921003E-51.924738E-51.927816E-51.932088E-51.933996E-5 22833  2   93
1.933715E-51.931422E-51.927286E-51.921471E-51.914134E-51.905424E-5 22833  2   94
1.895479E-51.884428E-51.872392E-51.859481E-51.845796E-51.831429E-5 22833  2   95
1.816464E-51.800975E-51.785029E-51.768688E-51.752002E-51.735021E-5 22833  2   96
1.700329E-51.664885E-51.628898E-51.592522E-51.555873E-51.519037E-5 22833  2   97
1.482078E-51.445044E-51.407973E-51.370897E-51.333841E-51.296832E-5 22833  2   98
1.259893E-51.223048E-51.186323E-51.149745E-51.113342E-51.077144E-5 22833  2   99
1.041184E-51.005493E-59.701088E-69.350664E-69.004044E-68.661618E-6 22833  2  100
8.323782E-6 7.50204E-66.718266E-65.979292E-65.292032E-64.663343E-6 22833  2  101
4.099899E-63.608065E-63.193747E-62.862247E-62.618101E-62.464911E-6 22833  2  102
2.405186E-62.440178E-6 2.56974E-62.792215E-63.104381E-63.501489E-6 22833  2  103
3.977483E-64.525569E-61.217476E-41.217469E-41.217393E-41.217017E-4 22833  2  104
1.216454E-41.215016E-41.210808E-41.204682E-41.196462E-41.185979E-4 22833  2  105
1.148807E-41.094321E-41.021357E-49.303066E-5 8.23497E-5 7.05189E-5 22833  2  106
5.811044E-54.575809E-53.406406E-52.352713E-51.881127E-51.450976E-5 22833  2  107
1.064715E-57.240962E-64.302445E-61.836995E-6-1.55700E-7-1.68191E-6 22833  2  108
-2.75445E-6-3.39335E-6-3.62661E-6-3.49039E-6-3.02874E-6-2.29237E-6 22833  2  109
-1.33667E-6-2.18908E-71.004746E-62.282221E-63.567956E-64.824523E-6 22833  2  110
6.023316E-67.144386E-68.175642E-6 9.11157E-69.951852E-61.069995E-5 22833  2  111
1.136188E-51.194512E-51.245788E-51.290845E-51.330483E-51.365444E-5 22833  2  112
1.423966E-51.470918E-51.509688E-51.542718E-51.571721E-5 1.59787E-5 22833  2  113
1.621948E-51.644471E-51.665767E-5 1.68604E-51.705409E-5 1.72394E-5 22833  2  114
1.741668E-51.758603E-51.774745E-51.790091E-51.804633E-51.818364E-5 22833  2  115
1.831281E-51.843381E-51.854665E-51.865137E-51.874805E-51.883677E-5 22833  2  116
1.891766E-51.899085E-5 1.90565E-51.911479E-5 1.91659E-51.921002E-5 22833  2  117
1.924736E-51.927814E-51.932086E-51.933994E-51.933714E-5 1.93142E-5 22833  2  118
1.927285E-5 1.92147E-51.914134E-51.905423E-51.895477E-51.884427E-5 22833  2  119
1.872391E-5 1.85948E-51.845795E-51.831429E-51.816463E-51.800974E-5 22833  2  120
1.785028E-51.768687E-51.752001E-51.735019E-51.700327E-51.664884E-5 22833  2  121
1.628897E-51.592521E-51.555873E-51.519036E-51.482077E-51.445043E-5 22833  2  122
1.407973E-51.370896E-51.333841E-51.296832E-51.259892E-51.223047E-5 22833  2  123
1.186322E-51.149744E-51.113341E-51.077143E-51.041183E-51.005493E-5 22833  2  124
9.701082E-69.350658E-69.004038E-68.661612E-68.323782E-67.502034E-6 22833  2  125
 6.71826E-65.979288E-65.292029E-6 4.66334E-64.099896E-63.608062E-6 22833  2  126
3.193744E-62.862245E-62.618098E-62.464909E-62.405184E-62.440175E-6 22833  2  127
2.569738E-62.792212E-63.104378E-63.501485E-63.977479E-64.525564E-6 22833  2  128
1.217461E-41.217386E-41.217009E-41.216447E-41.215009E-41.210801E-4 22833  2  129
1.204675E-41.196455E-41.185971E-41.148801E-41.094315E-41.021351E-4 22833  2  130
9.303006E-58.234916E-57.051848E-55.811008E-54.575782E-53.406385E-5 22833  2  131
2.352699E-51.881116E-51.450968E-51.064708E-5 7.24092E-64.302419E-6 22833  2  132
1.836985E-6-1.55698E-7-1.68190E-6-2.75443E-6-3.39333E-6-3.62658E-6 22833  2  133
-3.49037E-6-3.02872E-6-2.29236E-6-1.33666E-6-2.18906E-71.004741E-6 22833  2  134
2.282208E-63.567935E-64.824494E-6 6.02328E-67.144344E-68.175594E-6 22833  2  135
9.111516E-69.951792E-61.069988E-5 1.13618E-51.194505E-51.245781E-5 22833  2  136
1.290838E-51.330474E-51.365436E-51.423957E-51.470909E-51.509679E-5 22833  2  137
1.542709E-51.571711E-51.597859E-51.621938E-51.644461E-51.665757E-5 22833  2  138
1.686029E-51.705399E-5 1.72393E-51.741657E-51.758592E-51.774735E-5 22833  2  139
 1.79008E-51.804622E-51.818353E-5 1.83127E-5 1.84337E-51.854653E-5 22833  2  140
1.865126E-51.874794E-51.883666E-51.891754E-51.899073E-51.905638E-5 22833  2  141
1.911467E-51.916578E-51.920991E-51.924725E-51.927803E-51.932075E-5 22833  2  142
1.933982E-51.933702E-51.931409E-51.927273E-51.921459E-51.914122E-5 22833  2  143
1.905412E-51.895466E-51.884415E-51.872379E-51.859468E-51.845784E-5 22833  2  144
1.831417E-51.816452E-51.800963E-51.785017E-51.768675E-5 1.75199E-5 22833  2  145
1.735009E-51.700317E-51.664874E-51.628887E-51.592512E-51.555862E-5 22833  2  146
1.519027E-51.482068E-51.445035E-51.407964E-51.370888E-51.333832E-5 22833  2  147
1.296823E-51.259884E-51.223039E-51.186315E-51.149737E-51.113334E-5 22833  2  148
1.077137E-51.041176E-51.005487E-59.701022E-69.350604E-69.003984E-6 22833  2  149
8.661558E-68.323728E-67.501992E-66.718218E-6 5.97925E-65.291995E-6 22833  2  150
4.663309E-64.099868E-63.608036E-6 3.19372E-62.862222E-62.618076E-6 22833  2  151
2.464886E-62.405161E-62.440151E-62.569711E-62.792183E-63.104345E-6 22833  2  152
3.501449E-63.977438E-64.525519E-61.217309E-41.216933E-41.216371E-4 22833  2  153
1.214933E-41.210726E-41.204599E-4 1.19638E-41.185898E-41.148729E-4 22833  2  154
1.094247E-41.021288E-4 9.30243E-58.234412E-57.051416E-55.810654E-5 22833  2  155
4.575505E-53.406183E-52.352562E-51.881008E-51.450887E-51.064651E-5 22833  2  156
 7.24056E-64.302241E-61.836955E-6-1.55609E-7-1.68172E-6-2.75419E-6 22833  2  157
-3.39306E-6-3.62631E-6-3.49011E-6-3.02849E-6-2.29219E-6-1.33655E-6 22833  2  158
-2.18878E-71.004687E-6 2.28207E-63.567715E-64.824193E-66.022902E-6 22833  2  159
 7.14390E-68.175078E-69.110946E-69.951168E-61.069922E-5 1.13611E-5 22833  2  160
1.194431E-51.245704E-51.290758E-51.330393E-51.365352E-51.423871E-5 22833  2  161
 1.47082E-51.509587E-51.542616E-51.571618E-51.597765E-51.621842E-5 22833  2  162
1.644364E-51.665658E-5 1.68593E-51.705297E-51.723828E-51.741555E-5 22833  2  163
1.758488E-5 1.77463E-51.789974E-51.804515E-51.818245E-51.831161E-5 22833  2  164
 1.84326E-51.854543E-51.865015E-51.874681E-51.883553E-51.891641E-5 22833  2  165
1.898959E-51.905524E-51.911352E-51.916462E-51.920874E-51.924608E-5 22833  2  166
1.927685E-51.931957E-51.933864E-51.933583E-5 1.93129E-51.927153E-5 22833  2  167
1.921339E-51.914002E-51.905292E-51.895347E-51.884296E-51.872261E-5 22833  2  168
1.859351E-51.845667E-51.831301E-51.816336E-51.800848E-51.784903E-5 22833  2  169
1.768562E-51.751878E-51.734898E-51.700209E-51.664768E-51.628783E-5 22833  2  170
 1.59241E-51.555763E-5 1.51893E-51.481974E-51.444943E-51.407875E-5 22833  2  171
1.370801E-51.333748E-51.296742E-51.259805E-51.222963E-51.186241E-5 22833  2  172
1.149665E-51.113265E-5 1.07707E-51.041112E-51.005424E-59.700422E-6 22833  2  173
9.350022E-69.003426E-68.661024E-68.323212E-67.501524E-66.717798E-6 22833  2  174
5.978872E-65.291654E-64.663001E-64.099588E-63.607779E-6 3.19348E-6 22833  2  175
2.861993E-62.617852E-6 2.46466E-62.404927E-62.439903E-62.569442E-6 22833  2  176
2.791887E-63.104016E-63.501081E-63.977026E-64.525058E-61.216556E-4 22833  2  177
1.215995E-41.214557E-41.210351E-41.204227E-41.196011E-41.185532E-4 22833  2  178
1.148376E-41.093912E-41.020977E-4 9.29964E-58.231976E-57.049382E-5 22833  2  179
5.809032E-54.574292E-53.405352E-52.352069E-51.880664E-51.450675E-5 22833  2  180
1.064555E-5 7.24059E-64.303084E-61.838441E-6-1.53653E-7-1.67946E-6 22833  2  181
-2.75179E-6-3.39066E-6-3.62405E-6-3.48810E-6-3.02684E-6-2.29097E-6 22833  2  182
-1.33581E-6-2.18641E-7 1.00441E-6 2.28129E-63.566457E-64.822495E-6 22833  2  183
6.020808E-67.141452E-68.172336E-69.107946E-69.947958E-61.069584E-5 22833  2  184
1.135758E-51.194068E-51.245333E-5 1.29038E-51.330011E-51.364967E-5 22833  2  185
1.423481E-5 1.47043E-51.509196E-51.542224E-51.571226E-51.597372E-5 22833  2  186
1.621447E-51.643966E-51.665258E-51.685525E-51.704889E-51.723415E-5 22833  2  187
1.741136E-51.758064E-51.774199E-51.789537E-51.804071E-51.817795E-5 22833  2  188
1.830704E-51.842796E-51.854072E-51.864537E-51.874197E-51.883061E-5 22833  2  189
1.891142E-51.898454E-51.905013E-51.910834E-51.915939E-51.920344E-5 22833  2  190
1.924073E-51.927145E-51.931406E-51.933304E-51.933015E-51.930715E-5 22833  2  191
1.926572E-51.920753E-51.913413E-5 1.90470E-51.894753E-51.883702E-5 22833  2  192
1.871666E-51.858757E-51.845074E-51.830711E-51.815749E-51.800265E-5 22833  2  193
1.784324E-51.767988E-51.751309E-51.734334E-51.699657E-51.664229E-5 22833  2  194
1.628258E-51.591899E-51.555267E-51.518448E-51.481507E-5 1.44449E-5 22833  2  195
1.407437E-51.370377E-51.333339E-51.296346E-51.259423E-51.222595E-5 22833  2  196
1.185886E-51.149323E-51.112935E-51.076752E-51.040806E-5 1.00513E-5 22833  2  197
9.697596E-6 9.34731E-69.000822E-68.658522E-68.320818E-6 7.49937E-6 22833  2  198
6.715866E-65.977144E-65.290106E-6 4.66161E-64.098329E-63.606625E-6 22833  2  199
3.192405E-62.860967E-62.616847E-62.463646E-62.403873E-62.438779E-6 22833  2  200
2.568217E-62.790533E-63.102504E-63.499385E-63.975121E-64.522922E-6 22833  2  201
1.215433E-41.213997E-41.209793E-41.203672E-4 1.19546E-41.184987E-4 22833  2  202
1.147852E-41.093418E-41.020524E-49.295608E-58.228532E-5 7.04658E-5 22833  2  203
5.806901E-54.572817E-53.404483E-52.351725E-51.880545E-51.450753E-5 22833  2  204
1.064801E-57.244412E-64.307972E-61.844085E-6-1.47554E-7-1.67320E-6 22833  2  205
-2.74563E-6-3.38486E-6-3.61882E-6-3.48362E-6-3.02324E-6-2.28834E-6 22833  2  206
-1.33421E-6-2.18074E-71.003979E-62.279926E-63.564247E-64.819541E-6 22833  2  207
 6.01722E-67.137342E-68.167806E-69.103098E-69.942882E-61.069061E-5 22833  2  208
1.135226E-51.193531E-51.244797E-51.289848E-51.329484E-51.364448E-5 22833  2  209
 1.42298E-51.469948E-51.508734E-51.541779E-51.570793E-51.596949E-5 22833  2  210
1.621031E-51.643554E-51.664846E-51.685112E-51.704472E-51.722991E-5 22833  2  211
1.740703E-51.757621E-51.773745E-51.789071E-51.803592E-5 1.81730E-5 22833  2  212
1.830194E-51.842271E-51.853531E-51.863979E-51.873622E-51.882471E-5 22833  2  213
1.890535E-5 1.89783E-51.904372E-51.910177E-51.915265E-51.919656E-5 22833  2  214
1.923368E-51.926425E-51.930658E-51.932529E-51.932216E-51.929893E-5 22833  2  215
1.925732E-51.919896E-51.912541E-51.903816E-5 1.89386E-51.882802E-5 22833  2  216
1.870762E-5 1.85785E-51.844167E-51.829804E-51.814846E-51.799365E-5 22833  2  217
1.783431E-51.767101E-5 1.75043E-51.733464E-51.698807E-51.663402E-5 22833  2  218
1.627456E-51.591122E-51.554517E-51.517725E-51.480809E-51.443819E-5 22833  2  219
1.406791E-51.369757E-51.332743E-51.295774E-51.258874E-51.222068E-5 22833  2  220
 1.18538E-51.148839E-51.112471E-51.076308E-51.040381E-51.004723E-5 22833  2  221
9.693708E-6 9.34359E-6 8.99727E-68.655132E-68.317578E-6 7.49649E-6 22833  2  222
6.713316E-65.974881E-65.288098E-6 4.65982E-64.096721E-63.605161E-6 22833  2  223
3.191045E-62.859671E-62.615573E-62.462354E-62.402519E-62.437322E-6 22833  2  224
2.566616E-62.788748E-63.100498E-63.497122E-63.972568E-6 4.52005E-6 22833  2  225
1.212562E-41.208364E-41.202252E-41.194053E-41.183595E-41.146518E-4 22833  2  226
1.092169E-41.019388E-49.285666E-58.220234E-57.040088E-55.802279E-5 22833  2  227
4.570009E-53.403329E-52.351977E-51.881384E-51.452094E-51.066555E-5 22833  2  228
7.265166E-64.331004E-61.868467E-6-1.22724E-7-1.64878E-6-2.72241E-6 22833  2  229
-3.36354E-6-3.60000E-6-3.46777E-6-3.01070E-6-2.27928E-6-1.32868E-6 22833  2  230
-2.15966E-71.002868E-62.275895E-6 3.55766E-64.810797E-66.006726E-6 22833  2  231
7.125498E-6 8.15499E-69.089634E-69.929058E-61.067668E-51.133842E-5 22833  2  232
1.192173E-51.243475E-51.288573E-51.328261E-5 1.36328E-51.421929E-5 22833  2  233
 1.46901E-51.507899E-51.541033E-51.570122E-51.596337E-51.620463E-5 22833  2  234
1.643017E-51.664327E-51.684598E-51.703953E-51.722458E-51.740149E-5 22833  2  235
1.757038E-51.773127E-51.788412E-51.802887E-51.816547E-51.829387E-5 22833  2  236
1.841408E-51.852611E-5 1.86300E-51.872583E-51.881368E-51.889371E-5 22833  2  237
1.896603E-51.903082E-51.908826E-51.913852E-51.918182E-51.921835E-5 22833  2  238
1.924834E-51.928954E-5 1.93072E-5 1.93031E-51.927898E-51.923656E-5 22833  2  239
1.917749E-51.910333E-51.901556E-51.891557E-51.880464E-51.868398E-5 22833  2  240
1.855468E-51.841774E-51.827407E-51.812451E-51.796979E-51.781057E-5 22833  2  241
1.764745E-51.748096E-51.731155E-51.696558E-51.661221E-51.625348E-5 22833  2  242
1.589093E-51.552568E-51.515857E-51.479022E-51.442111E-5 1.40516E-5 22833  2  243
1.368201E-5 1.33126E-51.294361E-51.257528E-51.220786E-51.184161E-5 22833  2  244
1.147678E-51.111367E-51.075258E-51.039383E-51.003775E-59.684696E-6 22833  2  245
9.335034E-68.989146E-68.647422E-68.310264E-67.490094E-66.707724E-6 22833  2  246
5.969998E-65.283828E-64.656067E-64.093391E-63.602158E-63.188272E-6 22833  2  247
2.857033E-6 2.61297E-62.459687E-6 2.39969E-62.434235E-62.563177E-6 22833  2  248
2.784865E-63.096085E-63.492102E-63.966871E-6 4.51361E-61.204186E-4 22833  2  249
1.198103E-41.189943E-41.179537E-41.142644E-41.088567E-41.016152E-4 22833  2  250
 9.25785E-58.197728E-57.023378E-55.791529E-54.565013E-53.403522E-5 22833  2  251
2.356491E-5 1.88766E-51.459838E-51.075457E-5 7.36260E-6 4.43364E-6 22833  2  252
1.973139E-6-1.90837E-8-1.54907E-6-2.62926E-6-3.27927E-6-3.52649E-6 22833  2  253
-3.40646E-6-2.96249E-6-2.24455E-6-1.30726E-6-2.07246E-79.999198E-7 22833  2  254
2.262608E-6 3.53556E-64.781504E-65.971861E-67.086612E-68.113488E-6 22833  2  255
9.046776E-69.885924E-61.063415E-51.129721E-51.188239E-51.239769E-5 22833  2  256
1.285123E-51.325084E-51.360387E-51.419602E-5 1.46722E-51.506592E-5 22833  2  257
1.540144E-51.569584E-51.596082E-51.620426E-51.643137E-5 1.66455E-5 22833  2  258
1.684875E-51.704238E-51.722713E-51.740338E-5 1.75713E-51.773095E-5 22833  2  259
1.788233E-5 1.80254E-51.816015E-51.828655E-51.840463E-51.851443E-5 22833  2  260
 1.86160E-51.870944E-51.879487E-51.887243E-51.894227E-51.900457E-5 22833  2  261
1.905952E-51.910731E-51.914816E-51.918229E-51.920991E-51.924654E-5 22833  2  262
1.925989E-51.925176E-51.922396E-5 1.91782E-51.911614E-51.903937E-5 22833  2  263
1.894934E-51.884745E-51.873498E-5 1.86131E-51.848289E-51.834533E-5 22833  2  264
1.820132E-51.805167E-51.789708E-51.773819E-51.757559E-51.740977E-5 22833  2  265
1.724118E-51.689718E-51.654615E-5 1.61900E-51.583017E-51.546771E-5 22833  2  266
1.510341E-51.473785E-51.437146E-51.400461E-51.363757E-5 1.32706E-5 22833  2  267
1.290395E-51.253786E-51.217256E-51.180832E-5 1.14454E-5 1.10841E-5 22833  2  268
1.072472E-5 1.03676E-51.001305E-59.661452E-69.313164E-68.968578E-6 22833  2  269
 8.62809E-68.292096E-67.474572E-66.694488E-65.958728E-65.274218E-6 22833  2  270
4.647832E-64.086251E-63.595843E-63.182515E-62.851565E-62.607529E-6 22833  2  271
2.454012E-62.393525E-62.427328E-62.555287E-62.775766E-63.085565E-6 22833  2  272
 3.47997E-63.952958E-64.497772E-61.192064E-41.183966E-41.173638E-4 22833  2  273
1.137029E-41.083374E-41.011524E-49.218616E-5 8.16669E-57.001292E-5 22833  2  274
 5.77863E-54.560944E-53.407362E-52.366839E-51.900621E-51.474938E-5 22833  2  275
1.092201E-57.541376E-64.618619E-62.159244E-61.632476E-7-1.37511E-6 22833  2  276
-2.46785E-6-3.13402E-6-3.40034E-6-3.30153E-6-2.88006E-6-2.18500E-6 22833  2  277
-1.27013E-6-1.91272E-79.966222E-72.242411E-63.501136E-64.735655E-6 22833  2  278
5.917364E-67.026096E-68.049354E-68.981124E-69.820536E-61.057049E-5 22833  2  279
1.123646E-51.182543E-51.234517E-51.280358E-51.320834E-51.356662E-5 22833  2  280
1.416919E-51.465516E-51.505768E-51.540084E-51.570163E-5 1.59718E-5 22833  2  281
1.621928E-51.644937E-5 1.66655E-51.686988E-51.706386E-51.724825E-5 22833  2  282
1.742353E-51.758994E-51.774759E-51.789655E-51.803684E-51.816849E-5 22833  2  283
1.829154E-51.840603E-51.851205E-51.860968E-51.869907E-51.878035E-5 22833  2  284
1.885369E-51.891928E-5 1.89773E-51.902797E-51.907152E-51.910816E-5 22833  2  285
1.913813E-51.916167E-51.919039E-51.919626E-51.918116E-51.914692E-5 22833  2  286
1.909532E-51.902804E-51.894666E-51.885265E-51.874739E-51.863213E-5 22833  2  287
1.850803E-51.837614E-51.823741E-51.809268E-51.794273E-51.778824E-5 22833  2  288
 1.76298E-51.746796E-51.730317E-51.713584E-51.679498E-51.644768E-5 22833  2  289
1.609567E-51.574023E-51.538228E-51.502252E-51.466144E-51.429943E-5 22833  2  290
1.393681E-51.357385E-51.321078E-51.284782E-51.248524E-51.212326E-5 22833  2  291
1.176216E-5 1.14022E-51.104369E-51.068694E-51.033228E-59.980058E-6 22833  2  292
9.630642E-69.284412E-68.941758E-68.603082E-68.268804E-67.455102E-6 22833  2  293
6.678288E-65.945283E-65.263069E-64.638549E-64.078429E-63.589093E-6 22833  2  294
3.176459E-62.845835E-62.601763E-62.447855E-62.386633E-62.419368E-6 22833  2  295
2.545944E-62.764743E-63.072593E-63.464806E-63.935395E-64.477634E-6 22833  2  296
1.175951E-41.165733E-41.129517E-41.076446E-4 1.00538E-49.166932E-5 22833  2  297
8.126358E-56.973368E-55.763409E-54.557916E-53.415221E-52.383607E-5 22833  2  298
1.920937E-51.498134E-51.117578E-5 7.80975E-64.894356E-62.435184E-6 22833  2  299
4.324866E-7-1.11905E-6-2.23082E-6-2.92108E-6-3.21554E-6-3.14781E-6 22833  2  300
-2.75911E-6-2.09724E-6-1.21474E-6-1.66358E-79.938874E-72.215525E-6 22833  2  301
3.454016E-64.672389E-65.841991E-66.942426E-67.960848E-68.890818E-6 22833  2  302
9.730998E-61.048383E-51.115434E-51.174913E-51.227559E-51.274135E-5 22833  2  303
1.315381E-51.351994E-51.413805E-51.463858E-51.505417E-51.540867E-5 22833  2  304
1.571898E-51.599689E-51.625043E-51.648501E-51.670422E-51.691038E-5 22833  2  305
1.710499E-51.728899E-51.746296E-51.762725E-51.778209E-51.792762E-5 22833  2  306
1.806394E-51.819116E-51.830937E-51.841869E-51.851926E-51.861121E-5 22833  2  307
1.869473E-51.877001E-51.883725E-51.889666E-51.894848E-51.899295E-5 22833  2  308
1.903032E-51.906084E-51.908476E-51.910236E-51.911957E-51.911452E-5 22833  2  309
1.908923E-5 1.90456E-51.898546E-51.891052E-51.882238E-51.872252E-5 22833  2  310
1.861229E-51.849292E-51.836553E-51.823113E-51.809061E-51.794476E-5 22833  2  311
1.779432E-51.763989E-51.748203E-5 1.73212E-51.715783E-51.699228E-5 22833  2  312
1.665581E-51.631378E-51.596763E-5 1.56184E-51.526684E-51.491349E-5 22833  2  313
1.455874E-51.420292E-51.384628E-51.348904E-51.313144E-51.277368E-5 22833  2  314
 1.24160E-51.205866E-51.170191E-51.134606E-5 1.09914E-51.063827E-5 22833  2  315
 1.02870E-59.937962E-69.591534E-6 9.24810E-68.908068E-68.571852E-6 22833  2  316
8.239872E-67.431306E-66.658818E-65.929443E-6 5.25022E-64.628107E-6 22833  2  317
 4.06985E-63.581859E-63.170071E-62.839811E-62.595634E-62.441165E-6 22833  2  318
 2.37894E-62.410249E-62.534999E-62.751601E-63.056917E-6 3.44630E-6 22833  2  319
3.913807E-64.452755E-61.155656E-41.119953E-4 1.06764E-49.975942E-5 22833  2  320
9.101772E-58.075982E-5 6.93912E-5 5.74569E-54.556039E-53.427466E-5 22833  2  321
2.407373E-51.949272E-5 1.53016E-51.152374E-58.175948E-65.269258E-6 22833  2  322
2.809376E-67.968912E-7-7.72939E-7-1.91071E-6-2.63357E-6-2.96596E-6 22833  2  323
-2.93996E-6-2.59514E-6-1.97764E-6-1.13837E-6-1.30601E-79.928416E-7 22833  2  324
 2.18238E-63.394026E-64.591025E-65.744651E-66.834204E-67.846356E-6 22833  2  325
8.774106E-69.615486E-61.037233E-51.104906E-51.165175E-51.218734E-5 22833  2  326
1.266303E-5 1.30859E-51.346263E-51.410169E-51.462187E-5 1.50551E-5 22833  2  327
 1.54249E-51.574809E-51.603648E-51.629824E-51.653895E-51.676236E-5 22833  2  328
1.697101E-51.716657E-51.735013E-51.752245E-5 1.76840E-51.783516E-5 22833  2  329
1.797617E-51.810725E-5 1.82286E-51.834041E-51.844287E-5 1.85362E-5 22833  2  330
 1.86206E-51.869632E-5 1.87636E-5 1.88227E-51.887389E-51.891744E-5 22833  2  331
1.895363E-51.898276E-51.900511E-51.902097E-51.903061E-51.903244E-5 22833  2  332
1.901282E-5 1.89739E-51.891769E-51.884611E-51.876092E-51.866372E-5 22833  2  333
 1.85560E-5 1.84391E-5 1.83142E-51.818238E-51.804457E-51.790162E-5 22833  2  334
1.775425E-51.760309E-51.744871E-51.729156E-51.713205E-51.697053E-5 22833  2  335
1.680729E-51.647659E-51.614149E-51.580306E-51.546201E-51.511885E-5 22833  2  336
1.477395E-51.442755E-51.407986E-51.373107E-51.338136E-51.303091E-5 22833  2  337
1.267996E-5 1.23287E-5 1.19774E-51.162635E-51.127584E-51.092619E-5 22833  2  338
1.057775E-51.023088E-59.885954E-69.543378E-6 9.20355E-68.866884E-6 22833  2  339
8.533818E-68.204784E-67.402758E-66.635766E-65.910961E-65.235487E-6 22833  2  340
4.616373E-64.060417E-63.574069E-63.163296E-62.833444E-62.589088E-6 22833  2  341
2.433872E-62.370352E-62.399845E-62.522286E-62.736124E-63.038268E-6 22833  2  342
3.424121E-63.887798E-6 4.42267E-61.086098E-41.036532E-49.701784E-5 22833  2  343
8.873598E-57.901334E-56.822906E-55.689305E-54.556986E-5 3.47947E-5 22833  2  344
2.500938E-52.059267E-51.653377E-51.285448E-59.570648E-66.693012E-6 22833  2  345
4.227719E-62.176564E-65.368813E-7-6.98930E-7-1.54410E-6-2.01826E-6 22833  2  346
-2.14794E-6-1.96666E-6-1.51436E-6-8.35947E-72.068678E-81.007177E-6 22833  2  347
2.077234E-63.188899E-64.306224E-65.400211E-66.449022E-67.437582E-6 22833  2  348
8.356764E-69.202308E-69.973746E-61.067334E-51.130518E-51.187445E-5 22833  2  349
1.238686E-51.284824E-51.326425E-51.398101E-51.457416E-51.507301E-5 22833  2  350
1.549984E-51.587107E-51.619869E-51.649133E-51.675516E-51.699462E-5 22833  2  351
1.721293E-51.741239E-51.759475E-51.776131E-51.791311E-51.805096E-5 22833  2  352
1.817558E-51.828756E-51.838748E-51.847585E-51.855317E-51.861992E-5 22833  2  353
1.867657E-5 1.87236E-51.876146E-51.879061E-51.881149E-51.882456E-5 22833  2  354
1.883024E-51.882897E-51.882117E-51.880723E-51.878757E-51.873256E-5 22833  2  355
1.865906E-51.856974E-51.846703E-51.835312E-51.822994E-5 1.80992E-5 22833  2  356
1.796237E-5 1.78207E-51.767527E-51.752695E-51.737649E-51.722446E-5 22833  2  357
1.707133E-51.691746E-51.676312E-5 1.66085E-51.645376E-51.629896E-5 22833  2  358
1.614415E-51.583454E-5 1.55248E-51.521459E-5 1.49035E-51.459112E-5 22833  2  359
1.427711E-51.396121E-51.364324E-51.332311E-51.300084E-51.267651E-5 22833  2  360
1.235027E-51.202235E-51.169302E-51.136258E-5 1.10314E-51.069985E-5 22833  2  361
1.036835E-5 1.00373E-59.707178E-69.378414E-69.051486E-68.726874E-6 22833  2  362
8.405046E-6 8.08650E-67.307688E-66.560082E-6 5.85133E-6 5.18894E-6 22833  2  363
4.580221E-6 4.03218E-63.551419E-63.144022E-62.815424E-62.570276E-6 22833  2  364
2.412298E-62.344125E-62.367167E-62.481473E-62.685629E-62.976704E-6 22833  2  365
3.350292E-63.800704E-64.321505E-69.910464E-5 9.30183E-58.542044E-5 22833  2  366
 7.64943E-56.657996E-55.613512E-54.566627E-53.565226E-5 2.64867E-5 22833  2  367
2.231499E-51.845318E-51.492065E-5 1.17318E-58.896854E-66.422526E-6 22833  2  368
4.312363E-62.566738E-61.182468E-61.521472E-7-5.36676E-7-9.02248E-7 22833  2  369
-9.69037E-7-7.67622E-7-3.33895E-72.924051E-71.069672E-61.956633E-6 22833  2  370
2.914462E-63.908498E-64.909402E-65.893689E-66.843696E-67.747128E-6 22833  2  371
8.596302E-69.387306E-61.011914E-51.079291E-51.141118E-51.197737E-5 22833  2  372
1.249541E-51.296942E-51.380138E-51.450316E-51.510003E-51.561226E-5 22833  2  373
1.605568E-51.644244E-51.678177E-51.708076E-51.734482E-51.757816E-5 22833  2  374
1.778408E-51.796522E-51.812376E-51.826149E-51.837997E-51.848054E-5 22833  2  375
1.856442E-51.863271E-51.868642E-5 1.87265E-51.875385E-51.876931E-5 22833  2  376
1.877372E-51.876784E-51.875244E-51.872822E-5 1.86959E-51.865614E-5 22833  2  377
1.860958E-51.855683E-51.849849E-5 1.84351E-51.829533E-51.814143E-5 22833  2  378
1.797689E-51.780476E-51.762764E-51.744775E-51.726691E-5 1.70866E-5 22833  2  379
1.690797E-51.673188E-51.655896E-51.638959E-51.622402E-51.606231E-5 22833  2  380
1.590441E-51.575017E-51.559938E-51.545176E-51.530703E-51.516484E-5 22833  2  381
1.488677E-51.461494E-51.434691E-51.408057E-51.381414E-51.354625E-5 22833  2  382
1.327585E-51.300217E-51.272476E-51.244335E-51.215788E-51.186842E-5 22833  2  383
1.157519E-51.127848E-51.097865E-51.067614E-51.037141E-51.006498E-5 22833  2  384
9.757356E-69.449088E-69.140736E-6 8.83284E-68.525982E-68.220708E-6 22833  2  385
7.917588E-6 7.17285E-66.453636E-6 5.76832E-65.124973E-64.531332E-6 22833  2  386
 3.99472E-63.521976E-63.119361E-62.792452E-62.546019E-62.383894E-6 22833  2  387
2.308837E-62.322397E-62.424794E-62.614817E-62.889781E-63.245551E-6 22833  2  388
3.676737E-64.177182E-68.767086E-58.099424E-57.314162E-56.440052E-5 22833  2  389
5.515892E-54.584498E-53.686171E-52.853759E-52.469952E-52.110694E-5 22833  2  390
1.777589E-51.471868E-51.194476E-59.461472E-6 7.27458E-65.388406E-6 22833  2  391
3.805574E-62.526403E-61.547989E-68.631888E-74.597112E-73.195754E-7 22833  2  392
4.191301E-77.297296E-71.219025E-61.852687E-62.596293E-63.417103E-6 22833  2  393
4.285487E-65.175886E-66.067272E-66.943158E-67.791318E-6 8.60325E-6 22833  2  394
9.373548E-61.009931E-51.077953E-51.141457E-51.200577E-51.255509E-5 22833  2  395
1.353765E-51.438234E-51.510876E-51.573433E-51.627388E-51.673963E-5 22833  2  396
1.714162E-51.748801E-51.778549E-51.803955E-51.825477E-5 1.84350E-5 22833  2  397
1.858354E-51.870321E-51.879653E-51.886571E-51.891275E-51.893947E-5 22833  2  398
1.894754E-51.893853E-51.891386E-51.887491E-51.882297E-51.875923E-5 22833  2  399
1.868485E-51.860092E-51.850847E-51.840848E-51.830188E-51.818955E-5 22833  2  400
1.807231E-51.795094E-5 1.76987E-51.743814E-51.717379E-51.690954E-5 22833  2  401
1.664856E-51.639344E-51.614617E-51.590823E-51.568063E-51.546397E-5 22833  2  402
1.525852E-51.506425E-51.488088E-51.470799E-51.454495E-51.439108E-5 22833  2  403
 1.42456E-51.410772E-51.397662E-51.385146E-51.361584E-51.339492E-5 22833  2  404
1.318346E-51.297709E-51.277224E-51.256611E-51.235661E-51.214225E-5 22833  2  405
1.192201E-5 1.16953E-51.146184E-51.122161E-51.097481E-51.072175E-5 22833  2  406
 1.04629E-51.019876E-59.929952E-69.657084E-69.380826E-69.101838E-6 22833  2  407
 8.82081E-68.538414E-68.255334E-67.972236E-67.689786E-66.990732E-6 22833  2  408
6.309588E-65.655713E-65.037929E-64.464539E-63.943289E-63.481333E-6 22833  2  409
3.085168E-62.760556E-62.512426E-62.344763E-62.260488E-62.261343E-6 22833  2  410
2.347774E-62.518848E-62.772204E-63.104081E-63.509488E-63.982645E-6 22833  2  411
 7.54668E-56.895458E-56.168018E-55.394475E-54.607942E-53.839265E-5 22833  2  412
3.113159E-52.771731E-52.446861E-52.139728E-51.851288E-51.582366E-5 22833  2  413
1.333756E-51.106287E-59.008568E-67.184244E-65.599591E-64.263359E-6 22833  2  414
3.182049E-62.358421E-61.790146E-61.468869E-61.379896E-61.502621E-6 22833  2  415
1.811633E-62.278298E-62.872583E-6 3.56480E-64.327074E-65.134413E-6 22833  2  416
5.965324E-66.802038E-67.630434E-68.439702E-69.221964E-69.971784E-6 22833  2  417
1.068569E-51.136179E-51.199933E-51.316003E-5 1.41753E-51.505737E-5 22833  2  418
1.581985E-51.647602E-51.703806E-51.751675E-51.792151E-51.826046E-5 22833  2  419
1.854064E-51.876812E-5 1.89482E-51.908551E-51.918415E-51.924777E-5 22833  2  420
1.927961E-51.928265E-51.925958E-51.921288E-51.914482E-51.905755E-5 22833  2  421
1.895303E-51.883311E-51.869954E-51.855395E-51.839787E-51.823275E-5 22833  2  422
1.805995E-51.788074E-51.769632E-51.750783E-51.731629E-51.692795E-5 22833  2  423
1.653826E-5 1.61531E-51.577735E-51.541491E-5 1.50688E-51.474123E-5 22833  2  424
1.443368E-5 1.41470E-51.388147E-51.363694E-51.341283E-51.320831E-5 22833  2  425
1.302227E-51.285346E-51.270051E-51.256197E-5 1.24364E-51.232234E-5 22833  2  426
1.221836E-5 1.20353E-51.187722E-51.173551E-51.160299E-51.147391E-5 22833  2  427
1.134377E-51.120923E-51.106785E-51.091798E-51.075861E-51.058922E-5 22833  2  428
1.040966E-51.022009E-51.002089E-59.812598E-69.595872E-69.371442E-6 22833  2  429
 9.14010E-68.902656E-6 8.65995E-68.412804E-68.162058E-67.908528E-6 22833  2  430
7.653012E-67.396296E-66.754212E-6 6.12069E-65.506255E-64.920646E-6 22833  2  431
 4.37284E-63.871092E-63.422926E-63.035118E-6 2.71365E-62.463637E-6 22833  2  432
2.289246E-62.193596E-62.178659E-62.245166E-62.392529E-62.618793E-6 22833  2  433
2.920667E-63.293663E-63.732477E-66.400746E-55.844816E-5 5.24775E-5 22833  2  434
4.631411E-54.015663E-53.415733E-53.124991E-52.841585E-52.566178E-5 22833  2  435
 2.29938E-52.041856E-51.794434E-51.558198E-51.334547E-5 1.12521E-5 22833  2  436
9.322008E-67.577112E-66.039432E-64.728985E-63.661517E-62.846469E-6 22833  2  437
2.285526E-61.972019E-61.891283E-62.021876E-62.337387E-62.808536E-6 22833  2  438
3.405202E-6 4.09817E-64.860442E-65.668068E-66.500568E-67.340988E-6 22833  2  439
8.175744E-68.994282E-69.788694E-61.055327E-51.128412E-51.263604E-5 22833  2  440
1.383694E-51.489003E-51.580402E-51.659008E-51.725997E-51.782509E-5 22833  2  441
1.829609E-5 1.86826E-51.899326E-51.923579E-51.941704E-51.954313E-5 22833  2  442
1.961953E-51.965115E-51.964242E-51.959737E-51.951969E-51.941273E-5 22833  2  443
1.927961E-51.912321E-5 1.89462E-51.875108E-51.854017E-51.831565E-5 22833  2  444
1.807955E-5 1.78338E-51.758017E-51.732034E-51.705588E-51.678822E-5 22833  2  445
1.651872E-51.597912E-51.544593E-51.492652E-5 1.44269E-51.395178E-5 22833  2  446
1.350468E-51.308806E-51.270341E-5 1.23514E-51.203197E-51.174446E-5 22833  2  447
1.148774E-5 1.12603E-51.106032E-51.088582E-51.073465E-51.060466E-5 22833  2  448
1.049363E-51.039941E-51.031992E-51.019722E-51.011102E-5 1.00489E-5 22833  2  449
1.000057E-59.957822E-69.914274E-69.865134E-6 9.80694E-69.737334E-6 22833  2  450
9.654822E-6 9.55860E-69.448386E-69.324324E-69.186828E-6 9.03654E-6 22833  2  451
8.874264E-68.700894E-68.517384E-68.324736E-68.123946E-6 7.91604E-6 22833  2  452
7.701996E-67.482792E-67.259376E-67.032672E-66.457248E-65.879729E-6 22833  2  453
5.311943E-64.764614E-64.247461E-63.769278E-63.337986E-62.960655E-6 22833  2  454
2.643493E-62.391812E-62.209972E-62.101309E-62.068058E-62.111275E-6 22833  2  455
2.230771E-62.425072E-62.691441E-63.025984E-6 3.42397E-65.477191E-5 22833  2  456
5.074401E-54.646112E-5 4.20025E-53.741682E-53.508318E-53.272354E-5 22833  2  457
3.033872E-52.793073E-52.550406E-5 2.30669E-52.063236E-51.821927E-5 22833  2  458
1.585265E-51.356337E-51.138705E-59.362082E-6 7.52685E-65.916545E-6 22833  2  459
4.559939E-6 3.47672E-62.675757E-62.154619E-61.900324E-6 1.89111E-6 22833  2  460
2.098839E-62.491606E-63.036192E-63.700097E-64.453044E-6 5.26794E-6 22833  2  461
6.121356E-66.993636E-67.868742E-68.733936E-6 9.57939E-61.039773E-5 22833  2  462
 1.19335E-51.331684E-5 1.45405E-51.560733E-5 1.65256E-51.730618E-5 22833  2  463
1.796078E-51.850102E-5 1.89379E-51.928161E-51.954142E-51.972576E-5 22833  2  464
 1.98422E-51.989761E-51.989818E-51.984953E-51.975678E-51.962461E-5 22833  2  465
1.945732E-51.925885E-51.903287E-51.878276E-51.851168E-51.822257E-5 22833  2  466
1.791817E-51.760102E-51.727354E-51.693795E-51.659633E-51.625061E-5 22833  2  467
1.590259E-51.555393E-5 1.48607E-51.418176E-51.352602E-51.290065E-5 22833  2  468
1.231121E-51.176175E-5 1.12550E-51.079246E-51.037461E-51.000105E-5 22833  2  469
9.670626E-69.381618E-69.131826E-68.918718E-68.739546E-6 8.59140E-6 22833  2  470
 8.47134E-6 8.37642E-68.303748E-68.250564E-68.192208E-68.182188E-6 22833  2  471
8.204154E-68.244666E-68.292966E-68.340726E-68.381682E-68.411316E-6 22833  2  472
 8.42652E-68.425326E-68.406624E-68.370012E-6 8.31558E-68.243808E-6 22833  2  473
 8.15544E-68.051406E-67.932774E-67.800672E-67.656282E-67.500786E-6 22833  2  474
7.335372E-67.161198E-66.979392E-66.791058E-6 6.59724E-66.095274E-6 22833  2  475
5.579968E-65.064443E-64.560397E-64.078264E-63.627353E-63.215954E-6 22833  2  476
 2.85140E-62.540105E-62.287555E-62.098293E-6 1.97587E-61.922792E-6 22833  2  477
1.940461E-62.029124E-62.187838E-62.414482E-62.705833E-63.057809E-6 22833  2  478
4.872767E-54.640165E-54.372389E-54.063714E-53.892032E-53.707793E-5 22833  2  479
3.510447E-53.299738E-53.075842E-52.839505E-52.592192E-52.336197E-5 22833  2  480
2.074717E-51.811838E-5 1.55243E-51.301916E-51.065945E-58.499756E-6 22833  2  481
6.588438E-64.963715E-6 3.65075E-62.660282E-61.988827E-61.620331E-6 22833  2  482
 1.52881E-61.681487E-6 2.04191E-62.572705E-63.237742E-64.003647E-6 22833  2  483
4.840724E-65.723362E-66.630072E-67.543272E-68.448918E-69.336072E-6 22833  2  484
1.102388E-51.256438E-51.393888E-5 1.51434E-51.618261E-51.706578E-5 22833  2  485
1.780439E-51.841059E-51.889639E-51.927322E-51.955167E-51.974152E-5 22833  2  486
1.985165E-51.989017E-51.986445E-5 1.97812E-51.964652E-51.946603E-5 22833  2  487
1.924488E-51.898781E-5 1.86992E-51.838312E-51.804333E-51.768335E-5 22833  2  488
1.730644E-51.691566E-51.651384E-51.610362E-51.568748E-5 1.52677E-5 22833  2  489
1.484639E-51.442552E-51.359215E-51.278022E-51.200013E-51.126016E-5 22833  2  490
1.056664E-59.924156E-69.335658E-68.802696E-68.325588E-67.903608E-6 22833  2  491
 7.53516E-67.217964E-66.949206E-66.725688E-66.543942E-66.400374E-6 22833  2  492
6.291306E-66.213108E-66.162228E-66.135246E-6 6.14022E-66.204534E-6 22833  2  493
6.308232E-66.434904E-6 6.57144E-6 6.70770E-66.836058E-66.951006E-6 22833  2  494
 7.04874E-6 7.12683E-67.183908E-67.219422E-67.233432E-6 7.22646E-6 22833  2  495
7.199334E-67.153128E-67.089036E-67.008366E-6 6.91245E-66.802638E-6 22833  2  496
6.680268E-66.546654E-66.403074E-66.250746E-66.090846E-65.665251E-6 22833  2  497
 5.21541E-64.755569E-64.298255E-63.854493E-63.434003E-63.045349E-6 22833  2  498
2.696053E-62.392664E-62.140793E-61.945123E-61.809389E-61.736351E-6 22833  2  499
1.727752E-61.784283E-61.905555E-62.090095E-62.335399E-62.638083E-6 22833  2  500
4.599272E-54.507739E-5 4.34974E-54.241212E-54.110902E-53.957619E-5 22833  2  501
3.780617E-53.579739E-53.355577E-53.109639E-52.844495E-52.563874E-5 22833  2  502
2.272682E-5 1.97690E-51.683344E-51.399285E-51.131965E-58.880588E-6 22833  2  503
6.731634E-6 4.91403E-63.451943E-62.352086E-61.605139E-61.188524E-6 22833  2  504
 1.06994E-61.211056E-61.570893E-62.108605E-62.785517E-63.566473E-6 22833  2  505
4.420544E-65.321279E-66.246606E-6 7.17852E-68.102652E-69.885408E-6 22833  2  506
1.153467E-51.301984E-51.432944E-51.546367E-51.642948E-51.723734E-5 22833  2  507
1.789928E-51.842773E-51.883483E-51.913207E-51.933016E-51.943897E-5 22833  2  508
1.946755E-51.942418E-51.931641E-51.915116E-5 1.89348E-51.867315E-5 22833  2  509
1.837161E-51.803514E-51.766837E-51.727556E-51.686071E-51.642751E-5 22833  2  510
1.597941E-51.551963E-51.505116E-51.457677E-51.409904E-51.362037E-5 22833  2  511
1.314293E-51.219974E-51.128363E-51.040619E-5 9.57663E-68.801952E-6 22833  2  512
8.087154E-67.435416E-66.848316E-66.326052E-65.867656E-65.471175E-6 22833  2  513
5.133895E-64.852505E-64.623268E-64.442159E-64.304998E-6 4.20755E-6 22833  2  514
4.145618E-64.115111E-64.112099E-64.173872E-64.303972E-64.479506E-6 22833  2  515
4.681659E-64.895426E-65.109182E-65.314196E-65.504146E-65.674664E-6 22833  2  516
5.822939E-65.947373E-66.047298E-66.122742E-66.174246E-66.202716E-6 22833  2  517
6.209304E-6 6.19533E-6 6.16221E-66.111414E-66.044406E-65.962652E-6 22833  2  518
5.867576E-65.760557E-65.642921E-65.515938E-65.165356E-64.780967E-6 22833  2  519
4.377804E-63.968945E-63.565776E-63.178233E-62.814998E-62.483648E-6 22833  2  520
 2.19076E-61.941977E-61.742047E-6 1.59483E-61.503293E-61.469486E-6 22833  2  521
1.494523E-61.578551E-61.720751E-61.919348E-62.171684E-64.580601E-5 22833  2  522
4.566249E-54.519432E-54.443078E-54.335376E-54.195075E-54.021635E-5 22833  2  523
3.815398E-53.577772E-53.311413E-53.020347E-52.710016E-52.387199E-5 22833  2  524
2.059769E-5 1.73629E-51.425473E-51.135564E-5 8.73738E-6 6.45597E-6 22833  2  525
4.548541E-63.032289E-61.905559E-61.150588E-67.372704E-76.272568E-7 22833  2  526
7.778304E-71.145186E-6 1.68694E-62.363848E-63.140819E-63.987377E-6 22833  2  527
4.877694E-65.790364E-6 6.70800E-68.505888E-61.019445E-51.173131E-5 22833  2  528
1.309702E-51.428662E-51.530382E-51.615723E-51.685792E-51.741793E-5 22833  2  529
1.784942E-51.816414E-51.837318E-51.848691E-51.851485E-5 1.84658E-5 22833  2  530
1.834784E-51.816838E-51.793422E-51.765166E-51.732648E-51.696405E-5 22833  2  531
1.656934E-51.614695E-51.570118E-51.523603E-51.475521E-51.426216E-5 22833  2  532
1.376012E-51.325207E-51.274078E-51.222882E-51.171853E-51.071151E-5 22833  2  533
 9.73488E-68.801052E-67.919838E-67.098696E-66.342906E-65.655817E-6 22833  2  534
 5.03905E-64.492745E-64.015784E-63.606011E-63.260444E-62.975471E-6 22833  2  535
 2.74702E-6 2.57072E-62.442035E-62.356373E-62.309189E-62.296052E-6 22833  2  536
 2.31271E-62.419522E-62.600469E-62.830801E-63.090185E-6 3.36240E-6 22833  2  537
3.634879E-63.898175E-6 4.14544E-64.371935E-64.574597E-64.751667E-6 22833  2  538
4.902389E-65.026757E-65.125313E-6 5.19899E-6 5.24899E-65.276692E-6 22833  2  539
5.283572E-65.271163E-65.241002E-65.194613E-65.133479E-65.059036E-6 22833  2  540
 4.97266E-64.875661E-64.594714E-64.272704E-63.924954E-63.564686E-6 22833  2  541
3.203312E-62.850716E-62.515473E-62.205031E-61.925842E-61.683459E-6 22833  2  542
1.482588E-61.327125E-61.220167E-6 1.16401E-61.160131E-61.209177E-6 22833  2  543
1.310943E-61.464363E-61.667508E-64.681431E-54.692185E-54.667738E-5 22833  2  544
4.605717E-54.504378E-54.362754E-54.180835E-53.959773E-53.702074E-5 22833  2  545
3.411769E-53.094476E-52.757359E-52.408899E-5 2.05849E-51.715874E-5 22833  2  546
1.390473E-51.090718E-58.234694E-65.936155E-64.039091E-62.550251E-6 22833  2  547
1.458149E-67.368384E-7 3.50188E-72.560694E-74.099856E-77.679334E-7 22833  2  548
1.288442E-61.933854E-62.670994E-63.471353E-64.310969E-65.170084E-6 22833  2  549
 6.88614E-68.528172E-61.004281E-51.140253E-51.259655E-51.362452E-5 22833  2  550
 1.44922E-51.520873E-51.578489E-51.623199E-51.656126E-51.678352E-5 22833  2  551
1.690895E-51.694706E-51.690666E-51.679588E-51.662222E-51.639261E-5 22833  2  552
1.611343E-5 1.57906E-51.542959E-51.503547E-51.461298E-5 1.41665E-5 22833  2  553
1.370011E-51.321762E-51.272257E-51.221824E-5 1.17077E-51.119379E-5 22833  2  554
1.067911E-51.016608E-59.153678E-68.172084E-67.233966E-66.349356E-6 22833  2  555
 5.52587E-64.768911E-64.081898E-63.466499E-62.922868E-62.449877E-6 22833  2  556
2.045341E-61.706233E-61.428881E-61.209147E-61.042587E-6 9.24585E-7 22833  2  557
 8.50473E-78.156232E-78.155284E-78.458596E-79.816276E-71.193237E-6 22833  2  558
1.455478E-61.747628E-6 2.05315E-62.359216E-62.656181E-62.937038E-6 22833  2  559
 3.19693E-6 3.43270E-63.642526E-63.825602E-63.981884E-64.111891E-6 22833  2  560
4.216535E-64.297004E-64.354665E-64.390986E-64.407487E-64.405698E-6 22833  2  561
4.387132E-64.353261E-64.305508E-64.245235E-6 4.17374E-6 3.95381E-6 22833  2  562
3.688659E-63.393275E-63.080509E-62.761388E-6 2.44540E-6 2.14074E-6 22833  2  563
1.854503E-61.592832E-61.361028E-61.163627E-61.004446E-68.866134E-7 22833  2  564
 8.12577E-77.841016E-78.022552E-78.673852E-79.790836E-71.136125E-6 22833  2  565
 4.72942E-54.729557E-54.689976E-54.608696E-54.484525E-54.317244E-5 22833  2  566
 4.10781E-53.858567E-53.573419E-53.257927E-52.919268E-52.566032E-5 22833  2  567
2.207825E-51.854706E-51.516504E-51.202128E-59.189552E-6 6.72399E-6 22833  2  568
4.657055E-62.999899E-61.744699E-68.683494E-73.367388E-71.089995E-7 22833  2  569
1.412472E-73.895702E-78.121954E-71.370891E-62.031724E-62.765338E-6 22833  2  570
3.546881E-64.355715E-6 5.99126E-67.574556E-69.047238E-6 1.03778E-5 22833  2  571
1.155241E-51.256836E-51.342963E-51.414405E-51.472136E-51.517215E-5 22833  2  572
1.550706E-51.573648E-51.587028E-51.591768E-51.588731E-51.578715E-5 22833  2  573
1.562456E-51.540639E-51.513892E-51.482801E-51.447907E-51.409713E-5 22833  2  574
1.368686E-51.325261E-51.279844E-51.232812E-51.184513E-51.135277E-5 22833  2  575
1.085405E-5 1.03518E-59.848598E-69.346848E-68.356326E-6 7.39560E-6 22833  2  576
6.477258E-65.611253E-64.805165E-64.064373E-63.392298E-6 2.79063E-6 22833  2  577
2.259559E-61.798005E-61.403846E-61.074124E-68.052402E-75.931355E-7 22833  2  578
4.334435E-73.216284E-72.530986E-72.233016E-72.278005E-7 2.62333E-7 22833  2  579
4.055719E-76.237654E-7 8.92065E-71.190034E-61.501355E-61.813367E-6 22833  2  580
 2.11654E-62.403946E-62.670773E-62.913892E-63.131485E-63.322738E-6 22833  2  581
3.487591E-63.626535E-63.740455E-63.830506E-63.898018E-63.944424E-6 22833  2  582
3.971207E-63.979862E-63.971863E-63.948649E-63.911609E-6 3.86207E-6 22833  2  583
3.801296E-63.607918E-63.368584E-6 3.09785E-62.808167E-62.510193E-6 22833  2  584
2.213079E-61.924715E-61.651926E-61.400621E-61.175913E-6 9.82194E-7 22833  2  585
 8.23194E-77.020138E-76.211368E-7 5.82433E-75.871468E-76.358698E-7 22833  2  586
 7.28496E-78.641344E-74.753064E-54.735414E-54.674404E-54.568615E-5 22833  2  587
4.417592E-5 4.22206E-53.984137E-53.707521E-53.397603E-53.061453E-5 22833  2  588
2.707629E-52.345804E-51.986207E-51.638941E-51.313281E-51.017034E-5 22833  2  589
7.560816E-65.341425E-63.527786E-6 2.11606E-61.086477E-64.075598E-7 22833  2  590
4.036871E-8-5.76957E-8 7.01853E-83.825193E-78.410074E-7 1.41140E-6 22833  2  591
2.063853E-62.772917E-63.517307E-65.045407E-66.545604E-67.954956E-6 22833  2  592
9.238116E-61.037811E-5 1.13697E-5 1.22149E-51.291994E-51.349334E-5 22833  2  593
1.394468E-51.428386E-51.452059E-51.466426E-51.472368E-51.470713E-5 22833  2  594
 1.46223E-51.447633E-51.427582E-51.402692E-5 1.37353E-51.340623E-5 22833  2  595
1.304464E-51.265506E-51.224175E-51.180867E-51.135949E-51.089765E-5 22833  2  596
1.042634E-59.948516E-69.466932E-6 8.98413E-68.502444E-6 7.55088E-6 22833  2  597
6.627282E-65.743967E-64.910713E-64.134956E-63.422002E-62.775245E-6 22833  2  598
2.196395E-61.685696E-61.242157E-6 8.63769E-75.477048E-72.905132E-7 22833  2  599
8.828982E-8-6.31712E-8-1.68245E-7-2.31364E-7-2.56927E-7-2.49221E-7 22833  2  600
-2.12371E-7-6.66454E-8 1.51928E-7 4.19275E-77.155834E-71.025024E-6 22833  2  601
1.335302E-61.637159E-61.923855E-62.190703E-62.434645E-62.653898E-6 22833  2  602
2.847651E-63.015827E-63.158885E-63.277665E-6 3.37327E-63.446976E-6 22833  2  603
3.500158E-63.534239E-63.550655E-63.550826E-63.536131E-63.507906E-6 22833  2  604
3.467426E-63.415906E-63.246195E-63.030751E-62.783512E-62.516376E-6 22833  2  605
2.239513E-61.961639E-61.690259E-6 1.43186E-61.192067E-69.757561E-7 22833  2  606
7.871394E-76.298242E-75.068503E-74.207094E-7 3.73349E-73.661619E-7 22833  2  607
3.999591E-74.749146E-75.904583E-74.738997E-5 4.69831E-54.611705E-5 22833  2  608
4.478479E-54.299084E-5 4.07535E-53.810687E-53.510212E-53.180758E-5 22833  2  609
2.830714E-52.469664E-52.107856E-51.755529E-51.422197E-51.116007E-5 22833  2  610
8.432454E-66.080736E-64.125022E-62.565726E-6 1.38689E-65.602667E-7 22833  2  611
4.950907E-8-1.86021E-7-1.88122E-72.589544E-93.482796E-7 8.14836E-7 22833  2  612
1.372306E-61.994958E-62.661106E-64.055296E-65.448232E-66.772914E-6 22833  2  613
7.990326E-69.080328E-61.003503E-51.085425E-51.154241E-51.210657E-5 22833  2  614
1.255511E-51.289691E-51.314091E-51.329576E-51.336975E-51.337063E-5 22833  2  615
1.330571E-51.318174E-51.300504E-51.278143E-51.251638E-51.221493E-5 22833  2  616
1.188178E-51.152131E-51.113759E-51.073444E-51.031538E-59.883722E-6 22833  2  617
9.442536E-68.994666E-68.542764E-68.089278E-67.636458E-66.740946E-6 22833  2  618
5.870754E-65.037765E-64.251436E-6 3.51898E-62.845568E-62.234541E-6 22833  2  619
1.687621E-61.205129E-67.861974E-74.289816E-71.308505E-7-1.11429E-7 22833  2  620
-3.01528E-7-4.43411E-7-5.41210E-7-5.99116E-7-6.21293E-7-6.11804E-7 22833  2  621
-5.74558E-7-4.31420E-7-2.18770E-74.050868E-83.275672E-76.273312E-7 22833  2  622
9.280848E-71.220991E-61.499611E-61.759457E-61.997594E-6 2.21230E-6 22833  2  623
2.402782E-62.568944E-62.711204E-62.830345E-62.927401E-6 3.00357E-6 22833  2  624
3.060148E-63.098479E-63.119915E-63.125798E-6 3.11743E-63.096073E-6 22833  2  625
 3.06293E-63.019148E-62.870126E-62.676566E-62.451601E-62.206433E-6 22833  2  626
1.950616E-61.692333E-61.438625E-61.195577E-69.684738E-77.619094E-7 22833  2  627
5.798765E-74.258241E-7 3.02700E-72.129722E-71.586358E-71.412043E-7 22833  2  628
1.616799E-72.204931E-7 3.17378E-74.677809E-54.611029E-54.496999E-5 22833  2  629
4.335867E-54.129118E-53.879794E-53.592635E-53.274114E-52.932303E-5 22833  2  630
 2.57655E-52.216968E-51.863779E-51.526617E-51.213862E-59.321366E-6 22833  2  631
6.860094E-64.779337E-63.083988E-61.762323E-6 7.89888E-71.335739E-7 22833  2  632
-2.44632E-7-3.84501E-7-3.25171E-7-1.03476E-72.470753E-76.968136E-7 22833  2  633
1.220051E-6 1.79496E-63.030049E-64.292464E-65.511748E-66.645462E-6 22833  2  634
 7.67031E-68.575668E-6 9.35898E-61.002268E-51.057213E-51.101429E-5 22833  2  635
1.135688E-51.160782E-51.177492E-51.186571E-51.188737E-51.184662E-5 22833  2  636
1.174976E-51.160266E-51.141081E-5 1.11793E-51.091289E-5 1.06160E-5 22833  2  637
1.029275E-59.946998E-69.582324E-6 9.20208E-68.809374E-68.407116E-6 22833  2  638
7.998006E-6 7.58454E-6 7.16904E-66.753642E-65.930845E-65.129923E-6 22833  2  639
 4.36217E-63.636596E-62.960097E-62.337653E-61.772518E-61.266424E-6 22833  2  640
8.197842E-74.318915E-71.011144E-7-1.74920E-7-3.99157E-7-5.74959E-7 22833  2  641
-7.05970E-7-7.95997E-7-8.48912E-7-8.68563E-7-8.58713E-7-8.22986E-7 22833  2  642
-6.87466E-7-4.86981E-7-2.42811E-72.749058E-83.098709E-75.933926E-7 22833  2  643
8.697948E-71.133048E-61.378941E-61.604708E-61.808718E-61.990205E-6 22833  2  644
2.149058E-62.285646E-62.400678E-62.495103E-62.570023E-62.626632E-6 22833  2  645
 2.66617E-62.689889E-62.699027E-62.694791E-62.678348E-62.650811E-6 22833  2  646
2.613244E-62.481898E-62.308177E-6 2.10423E-61.880408E-61.645538E-6 22833  2  647
1.407172E-61.171806E-69.450624E-77.318308E-75.363805E-73.624435E-7 22833  2  648
2.132765E-79.170226E-81.33879E-10-5.94164E-8-8.53451E-8-7.64879E-8 22833  2  649
-3.21843E-84.758511E-84.564494E-54.470856E-54.329925E-54.142795E-5 22833  2  650
3.912063E-53.641997E-53.338587E-53.009454E-52.663556E-52.310715E-5 22833  2  651
1.960995E-5 1.62401E-51.308271E-51.020659E-57.661058E-65.474958E-6 22833  2  652
3.657794E-62.202441E-61.088752E-62.874527E-7-2.36210E-7-5.19356E-7 22833  2  653
-5.99055E-7-5.10613E-7-2.86469E-74.438924E-84.566467E-79.286074E-7 22833  2  654
1.981559E-63.091865E-64.186286E-65.219268E-66.164472E-67.008462E-6 22833  2  655
7.746186E-68.377914E-68.907144E-69.339246E-69.680562E-69.937836E-6 22833  2  656
1.011788E-51.022737E-5 1.02727E-51.025992E-51.019477E-51.008259E-5 22833  2  657
9.928404E-69.736872E-69.512382E-69.258996E-68.980536E-68.680548E-6 22833  2  658
8.362356E-6 8.02905E-67.683522E-6 7.32846E-66.966372E-66.599574E-6 22833  2  659
 6.23022E-65.860298E-65.125904E-64.409212E-63.720767E-63.069005E-6 22833  2  660
2.460419E-61.899737E-61.390097E-69.332346E-75.296702E-71.788883E-7 22833  2  661
-1.20481E-7-3.70497E-7-5.73749E-7-7.33220E-7-8.52161E-7-9.33977E-7 22833  2  662
-9.82141E-7-1.00012E-6-9.91290E-7-9.58933E-7-8.35884E-7-6.53567E-7 22833  2  663
-4.31272E-7-1.84939E-77.265316E-83.315383E-75.841771E-78.250546E-7 22833  2  664
1.050306E-61.257384E-61.444773E-61.611748E-61.758183E-61.884388E-6 22833  2  665
 1.99099E-62.078834E-62.148905E-62.202278E-62.240068E-62.263403E-6 22833  2  666
2.273401E-62.271151E-62.257708E-6 2.23408E-62.201227E-62.084573E-6 22833  2  667
1.928644E-61.744431E-61.541297E-61.327227E-61.109051E-68.926506E-7 22833  2  668
6.831222E-74.849127E-73.019217E-71.375849E-7-5.06803E-9-1.23371E-7 22833  2  669
-2.14998E-7-2.77950E-7-3.10566E-7-3.11549E-7-2.80038E-7-2.15750E-7 22833  2  670
4.398525E-5 4.27946E-54.114319E-53.905192E-53.655783E-53.371491E-5 22833  2  671
3.059352E-52.727791E-52.386191E-52.044307E-51.711604E-5 1.39661E-5 22833  2  672
1.106385E-58.461704E-66.192588E-64.270699E-62.693774E-61.446411E-6 22833  2  673
5.037027E-7-1.65264E-7-5.94372E-7-8.18069E-7-8.69618E-7-7.79938E-7 22833  2  674
-5.76941E-7-2.85240E-77.387566E-89.247794E-7 1.86391E-6 2.81599E-6 22833  2  675
3.732747E-64.584949E-65.356357E-66.039354E-6 6.63192E-67.135542E-6 22833  2  676
7.553832E-67.891608E-6 8.15430E-6 8.34759E-68.477124E-6 8.54844E-6 22833  2  677
8.566818E-68.537292E-68.464608E-68.353224E-68.207316E-68.030802E-6 22833  2  678
7.827348E-67.600386E-67.353114E-67.088532E-66.809442E-66.518454E-6 22833  2  679
6.218004E-65.910361E-65.597634E-65.281775E-6 4.96459E-64.332752E-6 22833  2  680
3.713806E-63.117393E-62.551259E-62.021411E-61.532267E-61.086821E-6 22833  2  681
6.868044E-73.328555E-72.467928E-8-2.38792E-7-4.59251E-7-6.38875E-7 22833  2  682
-7.80201E-7-8.86017E-7-9.59260E-7-1.00294E-6-1.02005E-6-1.01356E-6 22833  2  683
-9.86304E-7-8.80246E-7-7.21673E-7-5.27530E-7-3.11850E-7-8.59120E-8 22833  2  684
1.414699E-73.636098E-75.756029E-77.739988E-79.565098E-71.121762E-6 22833  2  685
1.269083E-6 1.39833E-61.509751E-61.603878E-61.681435E-61.743277E-6 22833  2  686
1.790336E-61.823588E-61.844016E-6 1.85260E-61.850296E-61.838026E-6 22833  2  687
1.816678E-61.787093E-61.682239E-6 1.54208E-61.376298E-61.193143E-6 22833  2  688
9.996534E-78.018592E-76.049596E-74.134722E-72.313542E-76.209928E-8 22833  2  689
-9.11884E-8-2.25738E-7-3.39071E-7-4.28977E-7-4.93503E-7-5.30962E-7 22833  2  690
-5.39957E-7-5.19457E-7-4.68937E-74.183555E-54.042402E-53.857528E-5 22833  2  691
3.631999E-53.370525E-53.079438E-52.766497E-52.440501E-52.110758E-5 22833  2  692
1.786451E-51.476014E-51.186595E-59.236868E-66.909606E-64.902974E-6 22833  2  693
3.219765E-61.849648E-67.725276E-7-3.81663E-8-6.12558E-7-9.81965E-7 22833  2  694
-1.17713E-6-1.22703E-6-1.15812E-6-9.93989E-7-7.55249E-7-1.22148E-7 22833  2  695
6.301632E-71.425192E-62.212414E-62.959936E-63.648797E-64.268803E-6 22833  2  696
4.815563E-65.288452E-65.689214E-6 6.02103E-66.287898E-6 6.49422E-6 22833  2  697
6.644562E-6 6.74346E-66.795348E-66.804474E-66.774894E-66.710442E-6 22833  2  698
6.614724E-66.491154E-66.342918E-6 6.17301E-65.984234E-65.779225E-6 22833  2  699
5.560438E-65.330174E-65.090576E-64.843645E-64.591243E-64.335093E-6 22833  2  700
4.076795E-63.559526E-63.049816E-62.556266E-62.085832E-61.643954E-6 22833  2  701
 1.23469E-68.608614E-75.241862E-72.254291E-7-3.54622E-8-2.59219E-7 22833  2  702
-4.47125E-7-6.00894E-7-7.22564E-7-8.14402E-7-8.78815E-7-9.18285E-7 22833  2  703
-9.35304E-7-9.32328E-7-9.11738E-7-8.26699E-7-6.96816E-7-5.36380E-7 22833  2  704
-3.57268E-7-1.69056E-72.074574E-82.064215E-73.837601E-75.497835E-7 22833  2  705
7.025028E-78.407062E-79.637836E-71.071578E-61.164272E-61.242287E-6 22833  2  706
 1.30622E-61.356776E-61.394734E-61.420907E-61.436125E-6 1.44121E-6 22833  2  707
1.436968E-61.424179E-61.403591E-61.375921E-61.280111E-61.153753E-6 22833  2  708
1.005081E-68.411244E-76.678924E-74.905449E-73.135431E-71.407808E-7 22833  2  709
-2.43112E-8-1.78679E-7-3.19579E-7-4.44527E-7-5.51260E-7-6.37714E-7 22833  2  710
-7.02011E-7-7.42468E-7-7.57624E-7-7.46306E-7-7.07781E-73.926747E-5 22833  2  711
3.768284E-53.569378E-53.333971E-53.067591E-52.777207E-52.470913E-5 22833  2  712
2.157431E-51.845541E-51.543467E-51.258354E-59.958794E-67.600512E-6 22833  2  713
5.531964E-63.761017E-62.282632E-61.081853E-61.368568E-7-5.78288E-7 22833  2  714
-1.09133E-6-1.43007E-6-1.62114E-6-1.68921E-6-1.65653E-6-1.54277E-6 22833  2  715
-1.13803E-6-5.83836E-74.300207E-86.902478E-71.323655E-61.921705E-6 22833  2  716
2.471672E-62.966798E-63.404297E-63.783976E-64.107299E-64.376743E-6 22833  2  717
4.595372E-64.766555E-64.893784E-64.980544E-65.030249E-65.046196E-6 22833  2  718
5.031535E-64.989258E-6 4.92220E-64.833034E-64.724278E-64.598297E-6 22833  2  719
4.457314E-64.303411E-64.138542E-63.964529E-63.783077E-63.595773E-6 22833  2  720
 3.40409E-63.209398E-6 2.81594E-62.424333E-62.042027E-61.675097E-6 22833  2  721
 1.32835E-61.005444E-67.089954E-74.407025E-72.014583E-7-8.53105E-9 22833  2  722
-1.89636E-7-3.42696E-7-4.68927E-7-5.69822E-7-6.47083E-7-7.02544E-7 22833  2  723
-7.38113E-7-7.55724E-7-7.57292E-7-7.44687E-7-6.84038E-7-5.86952E-7 22833  2  724
-4.64821E-7-3.27164E-7-1.81698E-7-3.45022E-81.097686E-72.476652E-7 22833  2  725
 3.76729E-74.952996E-76.023478E-76.973326E-77.800858E-78.507166E-7 22833  2  726
9.095358E-79.569964E-7 9.93648E-7 1.02010E-61.036994E-6 1.04499E-6 22833  2  727
1.044742E-61.036894E-61.022073E-61.000879E-69.738887E-78.845662E-7 22833  2  728
7.701078E-76.371976E-74.915646E-73.381228E-7 1.81109E-72.420659E-8 22833  2  729
-1.29349E-7-2.76680E-7-4.15200E-7-5.42547E-7-6.56547E-7-7.55177E-7 22833  2  730
-8.36545E-7-8.98876E-7-9.40523E-7-9.59993E-7-9.56010E-7-9.27653E-7 22833  2  731
3.637769E-53.467611E-53.260919E-53.022339E-52.757958E-52.475046E-5 22833  2  732
2.181628E-51.885957E-51.595944E-51.318636E-51.059818E-58.237844E-6 22833  2  733
6.132768E-6 4.29581E-62.727281E-61.417554E-6 3.49828E-7-4.97304E-7 22833  2  734
-1.14767E-6-1.62578E-6-1.95561E-6-2.15970E-6-2.25870E-6-2.27112E-6 22833  2  735
-2.09915E-6-1.74912E-6-1.29727E-6-7.96909E-7-2.84243E-72.168882E-7 22833  2  736
6.913668E-71.130127E-6 1.52824E-61.883567E-62.195824E-62.465924E-6 22833  2  737
2.695548E-62.886827E-63.042148E-63.164012E-63.254948E-6 3.31745E-6 22833  2  738
3.353944E-63.366764E-63.358141E-63.330194E-63.284932E-63.224251E-6 22833  2  739
3.149939E-63.063678E-62.967049E-62.861531E-62.748511E-62.629283E-6 22833  2  740
2.505055E-62.376946E-62.113167E-61.845334E-61.579657E-61.321264E-6 22833  2  741
1.074281E-68.419236E-7 6.26586E-74.299316E-72.529827E-79.621036E-8 22833  2  742
-4.03799E-8-1.57167E-7-2.54839E-7-3.34322E-7-3.96723E-7-4.43270E-7 22833  2  743
-4.75268E-7-4.94061E-7-5.00996E-7-4.97401E-7-4.63698E-7-4.02473E-7 22833  2  744
-3.22055E-7-2.29468E-7-1.30459E-7-2.95923E-86.960534E-81.644929E-7 22833  2  745
2.531645E-73.343108E-74.070974E-74.710608E-75.260224E-75.720179E-7 22833  2  746
6.092406E-76.379956E-76.586674E-76.716898E-7 6.77526E-76.766548E-7 22833  2  747
6.695556E-76.567048E-76.385638E-7 6.15582E-75.881885E-75.030402E-7 22833  2  748
3.986656E-7 2.80136E-71.518276E-71.751971E-8-1.19504E-7-2.56362E-7 22833  2  749
-3.90496E-7-5.19602E-7-6.41569E-7-7.54437E-7-8.56358E-7-9.45569E-7 22833  2  750
-1.02037E-6-1.07911E-6-1.12022E-6-1.14220E-6-1.14370E-6-1.12366E-6 22833  2  751
3.327569E-53.151496E-5 2.94310E-52.707515E-52.451098E-5 2.18108E-5 22833  2  752
1.905083E-51.630601E-51.364489E-51.112563E-5 8.79339E-66.679308E-6 22833  2  753
4.800958E-63.163904E-61.763886E-65.892551E-7-3.76673E-7-1.15356E-6 22833  2  754
-1.76238E-6-2.22416E-6-2.55909E-6-2.78597E-6-2.92191E-6-2.98017E-6 22833  2  755
-2.83440E-6-2.55930E-6-2.20860E-6-1.81999E-6-1.41930E-6-1.02382E-6 22833  2  756
-6.44786E-7-2.89184E-73.895395E-83.376172E-7 6.06171E-78.449008E-7 22833  2  757
1.054692E-61.236814E-61.392764E-61.524164E-61.632688E-61.720019E-6 22833  2  758
 1.78781E-6 1.83767E-61.871148E-61.889725E-61.894811E-61.887745E-6 22833  2  759
1.869793E-61.842151E-61.805941E-61.762222E-61.711984E-61.656154E-6 22833  2  760
1.595597E-61.463473E-61.321386E-61.174259E-61.026229E-68.807058E-7 22833  2  761
7.404402E-7 6.07584E-74.837541E-73.700955E-72.673425E-71.758781E-7 22833  2  762
9.579024E-82.692458E-8-3.10675E-8-7.86855E-8-1.16541E-7-1.45324E-7 22833  2  763
-1.65776E-7-1.78663E-7-1.84756E-7-1.79595E-7-1.56076E-7-1.19385E-7 22833  2  764
-7.39909E-8-2.36154E-82.873095E-8 8.06805E-81.304248E-71.766279E-7 22833  2  765
2.183434E-72.549396E-72.860348E-73.114422E-73.311243E-73.451558E-7 22833  2  766
3.536933E-73.569523E-73.551884E-73.486826E-73.377309E-73.226356E-7 22833  2  767
3.036992E-7 2.81220E-72.554891E-72.267879E-71.437862E-74.777964E-8 22833  2  768
-5.77946E-8-1.69929E-7-2.85988E-7-4.03647E-7-5.20831E-7-6.35662E-7 22833  2  769
-7.46408E-7-8.51443E-7-9.49214E-7-1.03821E-6-1.11693E-6-1.18388E-6 22833  2  770
-1.23759E-6-1.27655E-6-1.29931E-6-1.30449E-6-1.29090E-63.007073E-5 22833  2  771
2.830399E-52.625607E-52.398086E-52.154193E-51.900835E-51.644997E-5 22833  2  772
1.393251E-51.151362E-59.239952E-67.145784E-65.252996E-63.572133E-6 22833  2  773
2.104156E-68.425404E-7-2.24622E-7-1.11272E-6-1.83901E-6-2.42142E-6 22833  2  774
-2.87759E-6-3.22429E-6-3.47706E-6-3.75554E-6-3.80763E-6-3.70555E-6 22833  2  775
-3.50273E-6-3.23778E-6-2.93812E-6-2.62293E-6-2.30538E-6-1.99435E-6 22833  2  776
-1.69566E-6-1.41296E-6-1.14838E-6-9.02981E-7-6.77092E-7-4.70544E-7 22833  2  777
-2.82829E-7-1.13222E-73.913885E-81.751924E-7 2.95916E-7 4.02296E-7 22833  2  778
4.953091E-75.759093E-76.450204E-77.035288E-77.522836E-77.920924E-7 22833  2  779
8.237208E-78.478954E-78.653008E-78.765832E-7 8.82351E-78.795916E-7 22833  2  780
 8.61171E-78.307108E-7 7.91343E-77.457502E-7 6.96204E-76.446022E-7 22833  2  781
5.925031E-75.411615E-74.915635E-74.444585E-74.003906E-73.597287E-7 22833  2  782
3.226933E-72.893818E-72.597917E-72.338402E-72.113826E-71.922282E-7 22833  2  783
1.761524E-71.522398E-71.375678E-71.300656E-71.278047E-71.290737E-7 22833  2  784
1.324088E-7 1.36596E-71.406568E-71.438242E-71.455152E-71.453025E-7 22833  2  785
 1.42888E-71.380791E-7 1.30768E-71.209132E-71.085253E-79.365442E-8 22833  2  786
7.638018E-85.680394E-83.504197E-81.122073E-8-1.45272E-8-4.20663E-8 22833  2  787
-7.12599E-8-1.01973E-7-1.84534E-7-2.73776E-7-3.67872E-7-4.65154E-7 22833  2  788
-5.64110E-7-6.63353E-7-7.61597E-7-8.57626E-7-9.50270E-7-1.03838E-6 22833  2  789
-1.12080E-6-1.19634E-6-1.26380E-6-1.32191E-6-1.36934E-6-1.40473E-6 22833  2  790
-1.42667E-6-1.43378E-6-1.42479E-62.686027E-52.513115E-52.316051E-5 22833  2  791
2.100268E-51.871894E-51.637326E-51.402773E-5 1.17386E-59.553254E-6 22833  2  792
7.508406E-65.629672E-63.932119E-62.421619E-61.096568E-6-5.02645E-8 22833  2  793
-1.03001E-6-1.85619E-6-2.54353E-6-3.10701E-6-3.56126E-6-3.92008E-6 22833  2  794
-4.40127E-6-4.63819E-6-4.69972E-6-4.63820E-6-4.49260E-6-4.29144E-6 22833  2  795
-4.05539E-6-3.79929E-6-3.53369E-6-3.26600E-6-3.00138E-6-2.74332E-6 22833  2  796
-2.49415E-6-2.25536E-6-2.02780E-6-1.81192E-6-1.60784E-6-1.41548E-6 22833  2  797
-1.23462E-6-1.06494E-6-9.06046E-7-7.57517E-7-6.18913E-7-4.89781E-7 22833  2  798
-3.69673E-7-2.58146E-7-1.54769E-7-5.91247E-82.919044E-81.105643E-7 22833  2  799
1.853692E-72.539619E-73.738632E-74.728297E-7 5.53207E-7 6.17142E-7 22833  2  800
6.665982E-77.033698E-77.290942E-77.452588E-77.532118E-77.541688E-7 22833  2  801
7.492218E-77.393446E-77.253994E-7 7.08147E-76.882522E-76.662922E-7 22833  2  802
6.427644E-76.180918E-75.926339E-7 5.66690E-75.142916E-74.623679E-7 22833  2  803
4.118346E-73.631992E-73.166808E-7 2.72302E-72.299589E-71.894727E-7 22833  2  804
1.506258E-71.131867E-77.692708E-84.163198E-87.105632E-9-2.68255E-8 22833  2  805
-6.03121E-8-9.34823E-8-1.26443E-7-1.59282E-7-1.92069E-7-2.24859E-7 22833  2  806
-2.57694E-7-2.90603E-7-3.23605E-7-3.56712E-7-3.89926E-7-4.73407E-7 22833  2  807
-5.57369E-7-6.41512E-7-7.25447E-7-8.08726E-7-8.90849E-7-9.71278E-7 22833  2  808
-1.04943E-6-1.12465E-6-1.19626E-6-1.26348E-6-1.32545E-6-1.38123E-6 22833  2  809
-1.42979E-6-1.46998E-6-1.50057E-6-1.52024E-6-1.52765E-6-1.52149E-6 22833  2  810
2.372185E-5 2.20621E-52.019682E-51.817908E-51.606635E-51.391636E-5 22833  2  811
1.178317E-59.714018E-67.747278E-65.911573E-64.225898E-6 2.70054E-6 22833  2  812
1.338451E-61.368181E-7-9.11394E-7-1.81605E-6-2.58870E-6-3.24163E-6 22833  2  813
-3.78726E-6-4.23760E-6-4.89687E-6-5.29925E-6-5.50943E-6-5.57795E-6 22833  2  814
-5.54348E-6-5.43513E-6-5.27462E-6-5.07810E-6-4.85747E-6-4.62151E-6 22833  2  815
-4.37669E-6-4.12772E-6-3.87805E-6-3.63020E-6-3.38597E-6-3.14667E-6 22833  2  816
-2.91322E-6-2.68625E-6-2.46620E-6-2.25336E-6-2.04790E-6-1.84991E-6 22833  2  817
-1.65942E-6-1.47644E-6-1.30092E-6-1.13280E-6-9.71995E-7-8.18426E-7 22833  2  818
-6.71989E-7-5.32575E-7-4.00070E-7-2.74353E-7-4.27772E-81.632152E-7 22833  2  819
3.447634E-7 5.03078E-76.394356E-77.551684E-78.516538E-79.302988E-7 22833  2  820
 9.92523E-71.039741E-6 1.07335E-61.094708E-61.105129E-61.105863E-6 22833  2  821
1.098094E-61.082927E-61.061393E-61.034435E-61.002918E-69.676224E-7 22833  2  822
8.884332E-78.016066E-7 7.10811E-76.188034E-75.275868E-74.385593E-7 22833  2  823
3.526454E-72.704081E-71.921406E-71.179398E-7 4.77641E-8-1.85221E-8 22833  2  824
-8.11149E-8-1.40246E-7-1.96166E-7-2.49128E-7-2.99383E-7-3.47173E-7 22833  2  825
-3.92724E-7-4.36248E-7-4.77941E-7-5.17981E-7-5.56529E-7-5.93733E-7 22833  2  826
-6.29723E-7-7.15132E-7-7.95165E-7-8.70926E-7-9.43195E-7-1.01250E-6 22833  2  827
-1.07914E-6-1.14328E-6-1.20489E-6-1.26382E-6-1.31979E-6-1.37239E-6 22833  2  828
-1.42107E-6-1.46514E-6-1.50379E-6-1.53607E-6-1.56090E-6-1.57706E-6 22833  2  829
-1.58329E-6-1.57825E-62.070998E-51.913975E-51.739614E-51.552975E-5 22833  2  830
1.359328E-51.163786E-59.709734E-67.848084E-66.083694E-64.438745E-6 22833  2  831
2.927303E-61.556352E-63.270913E-7-7.63712E-7-1.72247E-6-2.55766E-6 22833  2  832
-3.27896E-6-3.89657E-6-4.42068E-6-5.22726E-6-5.77011E-6-6.10901E-6 22833  2  833
-6.29203E-6-6.35688E-6-6.33269E-6-6.24176E-6-6.10111E-6-5.92368E-6 22833  2  834
-5.71933E-6-5.49557E-6-5.25813E-6-5.01143E-6-4.75886E-6-4.50304E-6 22833  2  835
-4.24603E-6-3.98945E-6-3.73456E-6-3.48240E-6-3.23377E-6-2.98938E-6 22833  2  836
-2.74975E-6-2.51537E-6-2.28661E-6-2.06382E-6-1.84727E-6-1.63721E-6 22833  2  837
-1.43383E-6-1.23731E-6-1.04780E-6-8.65414E-7-6.90247E-7-3.61828E-7 22833  2  838
-6.28404E-82.067554E-74.473133E-76.594756E-78.441436E-71.002443E-6 22833  2  839
1.135691E-61.245352E-61.333003E-61.400296E-61.448922E-61.480577E-6 22833  2  840
1.496939E-61.499641E-61.490253E-61.470267E-61.441085E-61.404011E-6 22833  2  841
1.360253E-61.256987E-61.138899E-61.012087E-6 8.81292E-77.500936E-7 22833  2  842
6.211086E-74.961725E-7 3.76508E-72.628634E-7 1.55629E-75.493176E-8 22833  2  843
-3.92908E-8-1.27233E-7-2.09175E-7-2.85452E-7-3.56429E-7-4.22481E-7 22833  2  844
-4.83984E-7-5.41303E-7-5.94786E-7-6.44765E-7-6.91548E-7-7.35423E-7 22833  2  845
-7.76654E-7-8.15487E-7-9.03486E-7-9.80807E-7-1.04978E-6-1.11222E-6 22833  2  846
-1.16949E-6-1.22262E-6-1.27236E-6-1.31917E-6-1.36336E-6-1.40499E-6 22833  2  847
-1.44397E-6-1.48003E-6-1.51274E-6-1.54149E-6-1.56551E-6-1.58388E-6 22833  2  848
-1.59554E-6-1.59928E-6-1.59382E-61.785821E-51.638863E-51.477457E-5 22833  2  849
 1.30633E-51.130226E-59.535944E-6 7.80339E-66.136686E-64.560329E-6 22833  2  850
3.091403E-61.740278E-65.116395E-7-5.94362E-7-1.58098E-6-2.45386E-6 22833  2  851
-3.22020E-6-3.88804E-6-4.46579E-6-5.38421E-6-6.03811E-6-6.48181E-6 22833  2  852
-6.76024E-6-6.90956E-6-6.95833E-6-6.92894E-6-6.83883E-6-6.70160E-6 22833  2  853
-6.52786E-6-6.32588E-6-6.10219E-6-5.86195E-6-5.60925E-6-5.34740E-6 22833  2  854
-5.07905E-6-4.80641E-6-4.53128E-6-4.25517E-6-3.97937E-6-3.70498E-6 22833  2  855
-3.43295E-6-3.16410E-6-2.89917E-6-2.63881E-6-2.38359E-6-2.13402E-6 22833  2  856
-1.89057E-6-1.65364E-6-1.42360E-6-1.20076E-6-9.85412E-7-5.78096E-7 22833  2  857
-2.03125E-71.385816E-74.466272E-7 7.21092E-7 9.62487E-71.171706E-6 22833  2  858
1.349963E-61.498745E-61.619745E-61.714814E-61.785904E-61.835024E-6 22833  2  859
1.864198E-61.875427E-6 1.87066E-6 1.85177E-61.820538E-61.778634E-6 22833  2  860
1.727615E-61.603841E-61.459222E-61.301877E-61.138205E-69.731082E-7 22833  2  861
8.102208E-76.521478E-75.006659E-73.569085E-72.215158E-79.475932E-8 22833  2  862
-2.33589E-8-1.33028E-7-2.34567E-7-3.28381E-7-4.14923E-7-4.94673E-7 22833  2  863
-5.68117E-7-6.35734E-7-6.97986E-7-7.55317E-7-8.08144E-7-8.56858E-7 22833  2  864
-9.01823E-7-9.43378E-7-1.03431E-6-1.11000E-6-1.17379E-6-1.22834E-6 22833  2  865
-1.27573E-6-1.31757E-6-1.35510E-6-1.38921E-6-1.42056E-6-1.44951E-6 22833  2  866
-1.47626E-6-1.50077E-6-1.52283E-6-1.54201E-6-1.55775E-6-1.56928E-6 22833  2  867
-1.57568E-6-1.57586E-6-1.56860E-61.518511E-51.382207E-51.234103E-5 22833  2  868
1.078525E-5 9.19665E-6 7.61328E-66.067572E-64.585445E-63.186163E-6 22833  2  869
1.882736E-66.827064E-7-4.10896E-7-1.39857E-6-2.28342E-6-3.07036E-6 22833  2  870
-3.76543E-6-4.37533E-6-5.36723E-6-6.09983E-6-6.62162E-6-6.97385E-6 22833  2  871
-7.19054E-6-7.29913E-6-7.32158E-6-7.27534E-6-7.17424E-6-7.02929E-6 22833  2  872
-6.84926E-6-6.64118E-6-6.41074E-6-6.16254E-6-5.90039E-6-5.62741E-6 22833  2  873
-5.34625E-6-5.05911E-6-4.76791E-6-4.47430E-6-4.17969E-6-3.88537E-6 22833  2  874
-3.59245E-6-3.30194E-6-3.01473E-6-2.73166E-6-2.45344E-6-2.18075E-6 22833  2  875
-1.91418E-6-1.65429E-6-1.40154E-6-1.15638E-6-6.90267E-7-2.58395E-7 22833  2  876
1.375265E-74.964728E-78.180502E-71.102434E-61.350304E-61.562772E-6 22833  2  877
1.741314E-61.887694E-62.003897E-62.092066E-62.154435E-62.193286E-6 22833  2  878
2.210895E-62.209498E-62.191258E-62.158241E-6 2.11240E-62.055556E-6 22833  2  879
1.915478E-61.749857E-61.568374E-61.378715E-61.186805E-6 9.97080E-7 22833  2  880
8.127408E-7 6.36003E-74.683031E-73.104804E-7 1.62923E-7 2.56872E-8 22833  2  881
-1.01409E-7-2.18711E-7-3.26675E-7-4.25824E-7-5.16714E-7-5.99915E-7 22833  2  882
-6.75994E-7-7.45502E-7-8.08967E-7-8.66891E-7-9.19744E-7-9.67967E-7 22833  2  883
-1.01197E-6-1.10592E-6-1.18091E-6-1.24108E-6-1.28974E-6-1.32952E-6 22833  2  884
-1.36248E-6-1.39022E-6-1.41399E-6-1.43469E-6-1.45294E-6-1.46916E-6 22833  2  885
-1.48350E-6-1.49592E-6-1.50621E-6-1.51394E-6-1.51852E-6-1.51916E-6 22833  2  886
-1.51493E-6-1.50470E-6 1.27019E-51.144972E-51.010415E-58.703882E-6 22833  2  887
7.285128E-65.879775E-64.514232E-63.209061E-61.979122E-6 8.34129E-7 22833  2  888
-2.20588E-7-1.18323E-6-2.05472E-6-2.83794E-6-3.53715E-6-4.15743E-6 22833  2  889
-5.18352E-6-5.96128E-6-6.53308E-6-6.93611E-6-7.20173E-6-7.35578E-6 22833  2  890
-7.41930E-6-7.40927E-6-7.33940E-6-7.22075E-6-7.06225E-6-6.87121E-6 22833  2  891
-6.65359E-6-6.41431E-6-6.15749E-6-5.88657E-6-5.60447E-6-5.31371E-6 22833  2  892
-5.01647E-6-4.71465E-6-4.40992E-6-4.10378E-6-3.79757E-6-3.49249E-6 22833  2  893
-3.18964E-6-2.89000E-6-2.59448E-6-2.30390E-6-2.01900E-6-1.74046E-6 22833  2  894
-1.46888E-6-1.20480E-6-7.01053E-7-2.32395E-71.988552E-75.911844E-7 22833  2  895
9.438222E-71.256668E-61.530214E-61.765469E-61.963868E-6 2.12720E-6 22833  2  896
 2.25752E-62.357078E-62.428253E-62.473487E-62.495235E-6 2.49592E-6 22833  2  897
2.477897E-62.443423E-62.394638E-62.333548E-62.181745E-62.001116E-6 22833  2  898
1.802419E-61.594228E-61.383179E-61.174266E-69.711108E-77.762386E-7 22833  2  899
5.913025E-74.172856E-72.546625E-7 1.03532E-7-3.62784E-8-1.65130E-7 22833  2  900
-2.83511E-7-3.91987E-7-4.91169E-7-5.81682E-7-6.64151E-7-7.39189E-7 22833  2  901
-8.07380E-7-8.69285E-7-9.25428E-7-9.76301E-7-1.02236E-6-1.11918E-6 22833  2  902
-1.19428E-6-1.25233E-6-1.29710E-6-1.33159E-6-1.35816E-6-1.37868E-6 22833  2  903
-1.39460E-6-1.40702E-6-1.41676E-6-1.42436E-6-1.43015E-6-1.43423E-6 22833  2  904
-1.43654E-6-1.43680E-6-1.43457E-6-1.42923E-6-1.41998E-6-1.40581E-6 22833  2  905
1.041917E-59.283086E-68.076378E-66.832698E-65.582498E-64.351807E-6 22833  2  906
3.161611E-62.027818E-69.615984E-7-3.00176E-8-9.43438E-7-1.77779E-6 22833  2  907
-2.53426E-6-3.21551E-6-3.82518E-6-4.84720E-6-5.63700E-6-6.23083E-6 22833  2  908
-6.66146E-6-6.95723E-6-7.14193E-6-7.23520E-6-7.25321E-6-7.20913E-6 22833  2  909
-7.11373E-6-6.97586E-6-6.80281E-6-6.60058E-6-6.37422E-6-6.12797E-6 22833  2  910
-5.86542E-6-5.58967E-6-5.30337E-6-5.00887E-6-4.70822E-6-4.40324E-6 22833  2  911
-4.09558E-6-3.78669E-6-3.47793E-6-3.17049E-6-2.86549E-6-2.56392E-6 22833  2  912
-2.26672E-6-1.97472E-6-1.68868E-6-1.40929E-6-1.13718E-6-6.16907E-7 22833  2  913
-1.31560E-73.161308E-77.243092E-7 1.09193E-6 1.41868E-61.704898E-6 22833  2  914
1.951481E-62.159809E-62.331641E-6 2.46904E-6 2.57429E-62.649822E-6 22833  2  915
2.698147E-62.721801E-62.723297E-62.705083E-62.669512E-62.618819E-6 22833  2  916
2.555103E-62.396254E-62.206735E-61.997882E-61.778756E-61.556393E-6 22833  2  917
1.336095E-61.121729E-69.159972E-77.206828E-75.368559E-73.650467E-7 22833  2  918
2.053838E-75.770591E-8-7.83520E-8-2.03291E-7-3.17699E-7-4.22212E-7 22833  2  919
-5.17484E-7-6.04172E-7-6.82916E-7-7.54337E-7-8.19020E-7-8.77523E-7 22833  2  920
-9.30365E-7-9.78031E-7-1.07742E-6-1.15330E-6-1.21065E-6-1.25346E-6 22833  2  921
-1.28493E-6-1.30759E-6-1.32344E-6-1.33407E-6-1.34067E-6-1.34416E-6 22833  2  922
-1.34519E-6-1.34419E-6-1.34139E-6-1.33682E-6-1.33035E-6-1.32169E-6 22833  2  923
-1.31035E-6-1.29570E-6-1.27688E-68.350704E-67.337718E-66.274566E-6 22833  2  924
5.189532E-64.107425E-63.048845E-62.029967E-61.062724E-61.552359E-7 22833  2  925
-6.87617E-7-1.46359E-6-2.17248E-6-2.81561E-6-3.39538E-6-4.37775E-6 22833  2  926
-5.14847E-6-5.73771E-6-6.17368E-6-6.48137E-6-6.68215E-6-6.79394E-6 22833  2  927
-6.83168E-6-6.80769E-6-6.73219E-6-6.61360E-6-6.45897E-6-6.27417E-6 22833  2  928
-6.06415E-6-5.83311E-6-5.58464E-6-5.32185E-6-5.04745E-6-4.76381E-6 22833  2  929
-4.47304E-6-4.17703E-6-3.87746E-6-3.57586E-6-3.27363E-6-2.97203E-6 22833  2  930
-2.67221E-6-2.37524E-6-2.08208E-6-1.79361E-6-1.51065E-6-1.23392E-6 22833  2  931
-9.64075E-7-4.47357E-73.555542E-84.816964E-78.890098E-71.256277E-6 22833  2  932
1.583038E-61.869504E-62.116475E-62.325241E-62.497495E-62.635249E-6 22833  2  933
2.740745E-62.816384E-62.864661E-62.888098E-62.889202E-62.870422E-6 22833  2  934
2.834116E-62.782525E-62.717758E-62.556396E-62.363901E-62.151717E-6 22833  2  935
1.929005E-61.702894E-61.478765E-61.260552E-61.051012E-6 8.51970E-7 22833  2  936
6.645306E-74.892488E-73.262703E-71.754462E-73.641898E-8-9.13089E-8 22833  2  937
-2.08324E-7-3.15262E-7-4.12781E-7-5.01541E-7-5.82187E-7-6.55342E-7 22833  2  938
-7.21599E-7-7.81519E-7-8.35627E-7-8.84411E-7-9.85981E-7-1.06322E-6 22833  2  939
-1.12115E-6-1.16380E-6-1.19441E-6-1.21553E-6-1.22920E-6-1.23701E-6 22833  2  940
-1.24020E-6-1.23971E-6-1.23624E-6-1.23028E-6-1.22213E-6-1.21191E-6 22833  2  941
-1.19960E-6-1.18504E-6-1.16789E-6-1.14768E-6-1.12369E-6 6.51411E-6 22833  2  942
 5.63230E-64.717749E-63.793329E-62.878508E-61.989022E-61.136905E-6 22833  2  943
3.307922E-7-4.23644E-7-1.12319E-6-1.76659E-6-2.35409E-6-2.88704E-6 22833  2  944
-3.79822E-6-4.52189E-6-5.08234E-6-5.50321E-6-5.80591E-6-6.00911E-6 22833  2  945
-6.12874E-6-6.17817E-6-6.16862E-6-6.10945E-6-6.00848E-6-5.87227E-6 22833  2  946
-5.70634E-6-5.51539E-6-5.30342E-6-5.07390E-6-4.82982E-6-4.57381E-6 22833  2  947
-4.30819E-6-4.03502E-6-3.75616E-6-3.47327E-6-3.18787E-6-2.90134E-6 22833  2  948
-2.61493E-6-2.32980E-6-2.04700E-6-1.76750E-6-1.49219E-6-1.22186E-6 22833  2  949
-9.57262E-7-6.99048E-7-2.04093E-72.590108E-76.872406E-71.078474E-6 22833  2  950
1.431415E-61.745519E-62.020906E-62.258275E-62.458816E-62.624117E-6 22833  2  951
2.756081E-62.856848E-62.928715E-62.974075E-62.995356E-62.994974E-6 22833  2  952
2.975293E-6 2.93859E-62.887035E-62.822669E-6 2.66297E-62.472947E-6 22833  2  953
2.263717E-62.044189E-61.821304E-61.600309E-61.385044E-61.178204E-6 22833  2  954
9.815808E-77.962594E-7 6.22791E-74.613282E-7 3.11735E-71.736707E-7 22833  2  955
4.665769E-8-6.98692E-8-1.76524E-7-2.73944E-7-3.62767E-7-4.43618E-7 22833  2  956
-5.17100E-7-5.83789E-7-6.44227E-7-6.98924E-7-7.48352E-7-8.51684E-7 22833  2  957
-9.30746E-7-9.90396E-7-1.03453E-6-1.06625E-6-1.08803E-6-1.10181E-6 22833  2  958
-1.10913E-6-1.11118E-6-1.10887E-6-1.10291E-6-1.09377E-6-1.08181E-6 22833  2  959
-1.06722E-6-1.05004E-6-1.03024E-6-1.00762E-6-9.81842E-7-9.52375E-7 22833  2  960
4.928573E-64.185517E-63.423463E-62.660111E-61.910125E-61.185057E-6 22833  2  961
 4.93526E-7-1.58462E-7-7.67116E-7-1.33044E-6-1.84787E-6-2.31988E-6 22833  2  962
-3.13321E-6-3.78582E-6-4.29648E-6-4.68427E-6-4.96696E-6-5.16032E-6 22833  2  963
-5.27802E-6-5.33169E-6-5.33120E-6-5.28483E-6-5.19957E-6-5.08133E-6 22833  2  964
-4.93514E-6-4.76527E-6-4.57541E-6-4.36876E-6-4.14809E-6-3.91586E-6 22833  2  965
-3.67423E-6-3.42516E-6-3.17038E-6-2.91146E-6-2.64985E-6-2.38686E-6 22833  2  966
-2.12366E-6-1.86137E-6-1.60099E-6-1.34345E-6-1.08957E-6-8.40149E-7 22833  2  967
-5.95872E-7-3.57380E-71.000337E-75.282521E-79.243546E-71.286273E-6 22833  2  968
1.612724E-61.903135E-62.157564E-62.376619E-62.561371E-62.713274E-6 22833  2  969
2.834081E-62.925769E-62.990468E-63.030403E-63.047831E-63.045005E-6 22833  2  970
3.024128E-62.987327E-62.936628E-62.873938E-62.719564E-62.536796E-6 22833  2  971
2.336041E-62.125648E-61.912124E-61.700393E-61.494058E-61.295654E-6 22833  2  972
1.106866E-6 9.28716E-77.617288E-7 6.06051E-74.615588E-73.279377E-7 22833  2  973
 2.04743E-7 9.14484E-8-1.25192E-8-1.07754E-7-1.94850E-7-2.74392E-7 22833  2  974
-3.46943E-7-4.13038E-7-4.73185E-7-5.27857E-7-5.77496E-7-6.82182E-7 22833  2  975
-7.63455E-7-8.25814E-7-8.72857E-7-9.07441E-7-9.31825E-7-9.47785E-7 22833  2  976
-9.56711E-7-9.59690E-7-9.57554E-7-9.50940E-7-9.40321E-7-9.26033E-7 22833  2  977
-9.08305E-7-8.87263E-7-8.62942E-7-8.35281E-7-8.04098E-7-7.69022E-7 22833  2  978
3.611254E-63.012274E-6 2.40399E-61.799462E-61.209256E-66.415068E-7 22833  2  979
1.021444E-7-4.04813E-7-8.76933E-7-1.31306E-6-1.71300E-6-2.40712E-6 22833  2  980
-2.96906E-6-3.41251E-6-3.75212E-6-4.00199E-6-4.17492E-6-4.28216E-6 22833  2  981
-4.33343E-6-4.33704E-6-4.30006E-6-4.22850E-6-4.12746E-6-4.00132E-6 22833  2  982
-3.85384E-6-3.68826E-6-3.50741E-6-3.31377E-6-3.10953E-6-2.89662E-6 22833  2  983
-2.67681E-6-2.45166E-6-2.22260E-6-1.99092E-6-1.75782E-6-1.52437E-6 22833  2  984
-1.29158E-6-1.06036E-6-8.31556E-7-6.05933E-7-3.84198E-7-1.66990E-7 22833  2  985
4.510978E-84.519537E-78.328156E-71.185013E-61.506639E-61.796497E-6 22833  2  986
2.054039E-62.279289E-6 2.47277E-62.635429E-62.768559E-62.873726E-6 22833  2  987
2.952699E-63.007391E-63.039799E-63.051952E-63.045875E-63.023552E-6 22833  2  988
2.986896E-62.937732E-62.877778E-62.731789E-62.560275E-62.372617E-6 22833  2  989
2.176345E-61.977325E-61.779998E-61.587617E-61.402467E-61.226068E-6 22833  2  990
1.059343E-69.027648E-77.564668E-76.203382E-74.940959E-73.773395E-7 22833  2  991
2.695957E-71.703492E-77.906626E-8-4.78784E-9-8.17372E-8-1.52287E-7 22833  2  992
-2.16917E-7-2.76082E-7-3.30205E-7-3.79680E-7-4.85365E-7-5.69166E-7 22833  2  993
-6.35068E-7-6.86240E-7-7.25179E-7-7.53845E-7-7.73765E-7-7.86127E-7 22833  2  994
-7.91848E-7-7.91638E-7-7.86034E-7-7.75452E-7-7.60202E-7-7.40519E-7 22833  2  995
-7.16573E-7-6.88477E-7-6.56281E-7-6.19945E-7-5.79269E-72.573713E-6 22833  2  996
2.120495E-61.663657E-61.212354E-67.738524E-73.536507E-7-4.43151E-8 22833  2  997
-4.17436E-7-7.64188E-7-1.08391E-6-1.64272E-6-2.09888E-6-2.46140E-6 22833  2  998
-2.74074E-6-2.94738E-6-3.09112E-6-3.18071E-6-3.22385E-6-3.22719E-6 22833  2  999
-3.19645E-6-3.13653E-6-3.05164E-6-2.94540E-6-2.82095E-6-2.68100E-6 22833  2 1000
-2.52794E-6-2.36387E-6-2.19065E-6-2.00994E-6-1.82324E-6-1.63189E-6 22833  2 1001
-1.43711E-6-1.24004E-6-1.04169E-6-8.42994E-7-6.44827E-7-4.47977E-7 22833  2 1002
-2.53173E-7-6.10823E-81.276841E-73.125705E-7 4.93073E-78.391612E-7 22833  2 1003
1.162893E-61.461935E-61.734629E-61.979933E-62.197363E-62.386936E-6 22833  2 1004
2.549101E-62.684672E-62.794763E-62.880729E-62.944097E-62.986519E-6 22833  2 1005
3.009721E-63.015458E-63.005479E-62.981498E-62.945171E-62.898073E-6 22833  2 1006
 2.84169E-62.706501E-62.549408E-62.378515E-62.200324E-62.019899E-6 22833  2 1007
1.841073E-61.666648E-61.498594E-61.338219E-61.186315E-61.043286E-6 22833  2 1008
9.092436E-7 7.84089E-7 6.67575E-75.593558E-74.590214E-7 3.66127E-7 22833  2 1009
2.802126E-7 2.00818E-71.274929E-75.980399E-8-2.66040E-9-6.02878E-8 22833  2 1010
-1.13440E-7-1.62453E-7-2.68852E-7-3.55445E-7-4.25577E-7-4.81879E-7 22833  2 1011
-5.26405E-7-5.60741E-7-5.86107E-7-6.03434E-7-6.13433E-7-6.16644E-7 22833  2 1012
-6.13481E-7-6.04268E-7-5.89266E-7-5.68696E-7-5.42750E-7-5.11602E-7 22833  2 1013
-4.75399E-7-4.34236E-7-3.88079E-71.819354E-61.509258E-61.197625E-6 22833  2 1014
8.905326E-75.927584E-7 3.07894E-73.849862E-8-2.13735E-7-4.47819E-7 22833  2 1015
-8.60233E-7-1.19976E-6-1.47122E-6-1.68114E-6-1.83651E-6-1.94413E-6 22833  2 1016
-2.01027E-6-2.04054E-6-2.03985E-6-2.01251E-6-1.96224E-6-1.89225E-6 22833  2 1017
-1.80536E-6-1.70400E-6-1.59030E-6-1.46615E-6-1.33321E-6-1.19296E-6 22833  2 1018
-1.04674E-6-8.95727E-7-7.41026E-7-5.83621E-7-4.24416E-7-2.64241E-7 22833  2 1019
-1.03859E-7 5.60295E-8 2.14780E-73.717997E-75.265451E-7 6.78519E-7 22833  2 1020
8.272692E-79.723858E-7 1.25028E-61.509717E-61.748804E-61.966198E-6 22833  2 1021
2.161062E-62.333018E-62.482093E-62.608671E-62.713432E-62.797303E-6 22833  2 1022
2.861404E-62.906999E-6 2.93545E-62.948179E-62.946632E-62.932249E-6 22833  2 1023
2.906438E-6 2.87056E-6 2.82591E-62.773706E-62.651098E-62.510775E-6 22833  2 1024
2.359375E-62.202217E-62.043442E-61.886176E-61.732703E-61.584625E-6 22833  2 1025
1.442999E-61.308464E-61.181342E-61.061716E-69.494976E-78.444814E-7 22833  2 1026
 7.46379E-76.548532E-75.695393E-74.900606E-74.160421E-73.471175E-7 22833  2 1027
2.829356E-72.231636E-71.674891E-71.156216E-76.729222E-8-3.96236E-8 22833  2 1028
-1.29231E-7-2.04139E-7-2.66368E-7-3.17459E-7-3.58574E-7-3.90576E-7 22833  2 1029
-4.14105E-7-4.29628E-7-4.37490E-7-4.37955E-7-4.31236E-7-4.17521E-7 22833  2 1030
-3.96998E-7-3.69865E-7-3.36342E-7-2.96660E-7-2.51034E-7-1.99593E-7 22833  2 1031
1.342381E-61.168466E-69.921577E-78.172816E-76.468726E-74.832488E-7 22833  2 1032
3.281061E-71.826147E-7-7.67959E-8-2.92735E-7-4.66297E-7-6.00363E-7 22833  2 1033
-6.98618E-7-7.64962E-7-8.03181E-7-8.16790E-7-8.08967E-7-7.82541E-7 22833  2 1034
-7.40009E-7-6.83569E-7-6.15154E-7-5.36465E-7-4.49009E-7-3.54120E-7 22833  2 1035
-2.52992E-7-1.46692E-7-3.61845E-87.765692E-81.940373E-73.122299E-7 22833  2 1036
4.315687E-7 5.51441E-76.712836E-77.905768E-79.088428E-71.025642E-6 22833  2 1037
1.140572E-61.253264E-61.363381E-6 1.47062E-61.675404E-61.865782E-6 22833  2 1038
2.040365E-62.198181E-62.338637E-62.461487E-62.566789E-62.654869E-6 22833  2 1039
2.726275E-62.781741E-62.822143E-62.848465E-62.861761E-62.863129E-6 22833  2 1040
2.853683E-6 2.83453E-6 2.80675E-62.771384E-62.729423E-62.681799E-6 22833  2 1041
 2.57296E-6 2.45099E-62.320933E-62.186819E-6 2.05178E-61.918172E-6 22833  2 1042
1.787707E-61.661582E-6 1.54058E-61.425172E-61.315582E-61.211863E-6 22833  2 1043
1.113938E-6 1.02164E-69.347466E-78.529966E-77.761114E-77.038054E-7 22833  2 1044
6.357948E-75.718047E-7 5.11573E-74.548524E-74.014124E-73.510398E-7 22833  2 1045
3.035387E-71.962158E-71.034044E-72.329376E-8-4.54693E-8-1.03871E-7 22833  2 1046
-1.52608E-7-1.92161E-7-2.22846E-7-2.44867E-7-2.58353E-7-2.63397E-7 22833  2 1047
-2.60085E-7-2.48518E-7-2.28834E-7-2.01225E-7-1.65939E-7-1.23278E-7 22833  2 1048
-7.35688E-8-1.70921E-8 1.12817E-61.079777E-61.025983E-69.690984E-7 22833  2 1049
9.110484E-78.533932E-7 7.97364E-76.937116E-76.049446E-75.332261E-7 22833  2 1050
4.790061E-74.417171E-74.202388E-74.131922E-74.191179E-74.365789E-7 22833  2 1051
4.642142E-75.007643E-75.450794E-75.961166E-76.529338E-77.146804E-7 22833  2 1052
7.805868E-78.499564E-79.221556E-79.966054E-71.072778E-61.150188E-6 22833  2 1053
1.228388E-61.306967E-61.385544E-61.463769E-61.541317E-6 1.61789E-6 22833  2 1054
1.693213E-61.767032E-61.839118E-61.909262E-61.977274E-62.106247E-6 22833  2 1055
2.224909E-62.332425E-62.428226E-62.511995E-62.583636E-62.643253E-6 22833  2 1056
2.691125E-62.727671E-6 2.75343E-62.769031E-6 2.77517E-62.772586E-6 22833  2 1057
2.762041E-62.744304E-62.720135E-62.690273E-62.655428E-62.616275E-6 22833  2 1058
2.573441E-62.479033E-6 2.37632E-62.268675E-6 2.15878E-62.048701E-6 22833  2 1059
1.939985E-61.833745E-61.730747E-61.631487E-61.536251E-61.445166E-6 22833  2 1060
1.358246E-61.275425E-61.196578E-61.121547E-61.050151E-69.822018E-7 22833  2 1061
9.175068E-7 8.55879E-77.971384E-77.411164E-76.876546E-76.366078E-7 22833  2 1062
5.878447E-75.412455E-74.335404E-73.373579E-72.517247E-71.759858E-7 22833  2 1063
1.097378E-75.276782E-85.001962E-9-3.35392E-8-6.27797E-8-8.26215E-8 22833  2 1064
-9.29750E-8-9.37848E-8-8.50533E-8-6.68592E-8-3.93722E-8-2.85943E-9 22833  2 1065
4.231904E-89.573696E-8 1.56972E-71.154707E-61.218388E-61.272284E-6 22833  2 1066
1.317806E-61.356269E-61.388863E-61.440533E-61.479688E-61.511306E-6 22833  2 1067
 1.53886E-61.564677E-61.590268E-61.616562E-61.644093E-61.673124E-6 22833  2 1068
 1.70374E-61.735909E-61.769527E-61.804443E-61.840481E-61.877454E-6 22833  2 1069
1.915166E-61.953427E-61.992046E-62.030843E-62.069643E-62.108279E-6 22833  2 1070
2.146594E-6 2.18444E-62.221676E-62.258171E-62.293805E-62.328464E-6 22833  2 1071
2.362043E-62.394449E-62.425592E-62.455398E-62.483795E-6 2.53613E-6 22833  2 1072
 2.58221E-62.621776E-62.654689E-62.680924E-62.700551E-62.713733E-6 22833  2 1073
2.720708E-62.721772E-62.717274E-62.707597E-62.693147E-62.674347E-6 22833  2 1074
 2.65162E-62.625388E-6 2.59606E-62.564029E-6 2.52967E-62.493332E-6 22833  2 1075
2.455342E-62.375572E-62.292436E-62.207605E-62.122381E-62.037748E-6 22833  2 1076
1.954421E-61.872902E-61.793516E-61.716462E-61.641836E-61.569664E-6 22833  2 1077
1.499921E-61.432546E-61.367459E-61.304566E-61.243768E-61.184966E-6 22833  2 1078
1.128064E-61.072971E-61.019605E-69.678912E-7 9.17763E-78.691624E-7 22833  2 1079
8.220396E-77.763526E-7 6.68214E-75.685107E-74.771232E-73.941085E-7 22833  2 1080
3.196564E-7 2.54049E-7 1.97626E-71.507525E-7 1.13791E-7 8.70747E-8 22833  2 1081
 7.08828E-86.541806E-87.078572E-88.697582E-81.138493E-71.511314E-7 22833  2 1082
1.984153E-72.551871E-73.208924E-71.394605E-6 1.55516E-61.700864E-6 22833  2 1083
1.832698E-61.951731E-6 2.15575E-62.321285E-62.455734E-62.565274E-6 22833  2 1084
2.654909E-62.728607E-62.789488E-62.839991E-62.882019E-6 2.91706E-6 22833  2 1085
 2.94628E-62.970598E-62.990746E-63.007303E-6 3.02074E-63.031435E-6 22833  2 1086
 3.03970E-63.045791E-63.049926E-63.052284E-63.053021E-6 3.05227E-6 22833  2 1087
3.050149E-6 3.04676E-63.042196E-63.036539E-63.029864E-63.022241E-6 22833  2 1088
3.013733E-6 3.00440E-62.994298E-62.983477E-62.959877E-62.933968E-6 22833  2 1089
2.906078E-6 2.87651E-6 2.84554E-62.813415E-62.780364E-62.746591E-6 22833  2 1090
2.712278E-62.677591E-62.642669E-62.607639E-62.572607E-62.537666E-6 22833  2 1091
2.502891E-62.468344E-62.434077E-62.400129E-6 2.36653E-6 2.33330E-6 22833  2 1092
2.268003E-62.204282E-62.142112E-62.081419E-62.022103E-61.964054E-6 22833  2 1093
1.907154E-61.851293E-61.796366E-61.742284E-61.688966E-61.636346E-6 22833  2 1094
1.584372E-61.533003E-6 1.48221E-61.431973E-61.382283E-61.333139E-6 22833  2 1095
1.284548E-61.236523E-61.189083E-61.142252E-61.096059E-61.050536E-6 22833  2 1096
 1.00572E-68.970294E-7 7.93668E-76.963678E-76.058944E-75.230303E-7 22833  2 1097
4.485521E-7 3.83212E-73.277204E-7 2.82727E-72.488016E-7 2.26416E-7 22833  2 1098
2.159238E-72.175427E-72.313377E-72.572083E-72.948805E-73.439109E-7 22833  2 1099
4.037089E-7 4.73599E-71.817264E-6 2.05874E-62.280173E-62.482445E-6 22833  2 1100
2.833887E-63.122483E-6 3.35767E-63.548047E-63.701052E-63.822943E-6 22833  2 1101
3.918892E-6 3.99314E-64.049155E-64.089768E-6 4.11730E-64.133663E-6 22833  2 1102
4.140438E-64.138946E-64.130299E-64.115435E-64.095163E-64.070177E-6 22833  2 1103
4.041085E-64.008418E-6 3.97265E-63.934202E-63.893455E-63.850751E-6 22833  2 1104
3.806405E-6 3.76070E-6 3.71390E-63.666246E-63.617959E-63.569244E-6 22833  2 1105
3.520289E-63.471266E-63.373643E-6 3.27749E-63.183727E-63.093098E-6 22833  2 1106
3.006183E-62.923413E-62.845086E-62.771382E-62.702377E-62.638057E-6 22833  2 1107
2.578334E-6 2.52306E-62.472039E-62.425036E-62.381794E-62.342038E-6 22833  2 1108
2.305481E-62.271838E-62.240827E-62.212172E-62.160884E-62.116031E-6 22833  2 1109
2.075926E-62.039146E-62.004532E-61.971155E-61.938297E-61.905412E-6 22833  2 1110
1.872103E-6 1.83809E-61.803191E-61.767299E-61.730366E-6 1.69239E-6 22833  2 1111
1.653404E-61.613467E-61.572656E-61.531064E-6 1.48879E-61.445943E-6 22833  2 1112
1.402633E-61.358973E-61.315076E-61.271056E-61.227024E-61.117609E-6 22833  2 1113
1.010462E-69.071472E-78.091276E-77.177656E-7 6.34323E-75.599581E-7 22833  2 1114
4.957199E-74.425414E-74.012271E-73.724399E-73.566849E-73.542945E-7 22833  2 1115
3.654129E-7 3.89983E-74.277394E-7 4.78211E-75.407405E-76.145416E-7 22833  2 1116
2.390875E-62.697411E-62.978993E-63.471505E-63.878503E-64.211137E-6 22833  2 1117
4.480139E-64.695165E-64.864575E-64.995454E-65.093735E-65.164359E-6 22833  2 1118
5.211433E-65.238378E-65.248052E-65.242856E-65.224822E-65.195677E-6 22833  2 1119
5.156908E-65.109799E-6 5.05547E-64.994908E-64.928989E-64.858493E-6 22833  2 1120
4.784124E-64.706518E-64.626252E-64.543855E-64.459812E-64.374567E-6 22833  2 1121
4.288528E-64.202074E-64.115548E-64.029269E-6 3.94353E-6 3.77471E-6 22833  2 1122
3.610939E-63.453717E-63.304221E-63.163334E-63.031672E-62.909606E-6 22833  2 1123
2.797299E-62.694726E-6 2.60171E-62.517943E-62.443016E-62.376442E-6 22833  2 1124
2.317677E-6 2.26614E-62.221232E-62.182345E-62.148881E-62.120254E-6 22833  2 1125
2.095903E-6 2.05793E-62.031101E-62.012122E-61.998272E-61.987361E-6 22833  2 1126
1.977676E-61.967909E-61.957099E-61.944559E-61.929829E-61.912622E-6 22833  2 1127
1.892793E-61.870297E-61.845169E-61.817501E-61.787426E-61.755107E-6 22833  2 1128
1.720723E-61.684465E-61.646533E-61.607124E-61.566438E-61.524669E-6 22833  2 1129
1.482008E-6 1.43864E-61.328286E-61.217232E-61.107847E-61.002268E-6 22833  2 1130
9.024186E-7 8.10030E-77.266528E-76.536658E-75.922776E-75.435209E-7 22833  2 1131
5.082457E-74.871072E-74.805525E-74.888065E-75.118599E-75.494616E-7 22833  2 1132
6.011202E-76.661212E-77.435782E-73.084079E-63.440552E-64.066792E-6 22833  2 1133
4.586583E-65.012488E-6 5.35712E-6 5.63213E-65.847803E-6 6.01299E-6 22833  2 1134
6.135204E-66.220752E-66.274956E-66.302262E-66.306426E-6 6.29064E-6 22833  2 1135
6.257592E-66.209616E-66.148716E-6 6.07662E-65.994875E-65.904821E-6 22833  2 1136
5.807665E-65.704485E-65.596255E-65.483857E-65.368096E-65.249707E-6 22833  2 1137
5.129366E-65.007694E-64.885262E-64.762595E-64.640175E-64.518448E-6 22833  2 1138
4.397817E-64.161295E-63.933172E-6 3.71551E-63.509909E-63.317548E-6 22833  2 1139
3.139222E-62.975381E-62.826173E-62.691487E-62.570989E-62.464167E-6 22833  2 1140
2.370365E-62.288821E-62.218698E-6 2.15911E-62.109148E-62.067901E-6 22833  2 1141
2.034469E-62.007982E-61.987607E-61.962085E-61.952213E-6 1.95317E-6 22833  2 1142
 1.96099E-61.972504E-61.985244E-61.997345E-62.007441E-62.014571E-6 22833  2 1143
2.018099E-62.017642E-62.013011E-62.004166E-61.991176E-61.974189E-6 22833  2 1144
1.953409E-61.929076E-61.901455E-61.870823E-61.837466E-61.801666E-6 22833  2 1145
1.763703E-6 1.72385E-61.682372E-61.639522E-6 1.52798E-61.412902E-6 22833  2 1146
1.297426E-61.184332E-6 1.07608E-69.748488E-78.825676E-78.009298E-7 22833  2 1147
7.314084E-76.752562E-76.335052E-76.069558E-75.961688E-76.014502E-7 22833  2 1148
6.228402E-76.601074E-7 7.12746E-77.799934E-78.608722E-73.867203E-6 22833  2 1149
4.619198E-65.245535E-6 5.75993E-6 6.17664E-66.509094E-66.769344E-6 22833  2 1150
6.967854E-67.113582E-67.214136E-67.275936E-67.304418E-67.304178E-6 22833  2 1151
7.279116E-67.232592E-6 7.16748E-67.086264E-66.991134E-66.884004E-6 22833  2 1152
6.766572E-6 6.64035E-6 6.50670E-66.366852E-66.221928E-66.072948E-6 22833  2 1153
5.920839E-65.766465E-65.610613E-65.454009E-65.297319E-65.141158E-6 22833  2 1154
4.986089E-64.832627E-64.532357E-64.243591E-63.968929E-63.710378E-6 22833  2 1155
3.469403E-63.246974E-6 3.04362E-62.859481E-62.694365E-62.547795E-6 22833  2 1156
2.419069E-62.307302E-62.211475E-62.130475E-62.063129E-6 2.00824E-6 22833  2 1157
1.964607E-61.931051E-61.906433E-61.889661E-61.875605E-6 1.88147E-6 22833  2 1158
1.900991E-61.929029E-61.961488E-6 1.99519E-62.027737E-62.057381E-6 22833  2 1159
2.082904E-62.103499E-62.118689E-62.128249E-6 2.13214E-6 2.13046E-6 22833  2 1160
2.123411E-62.111261E-62.094326E-6 2.07295E-62.047492E-62.018317E-6 22833  2 1161
1.985786E-61.950258E-61.912078E-61.871579E-61.829083E-6 1.71608E-6 22833  2 1162
1.596866E-61.475305E-61.354782E-61.238267E-61.128365E-61.027358E-6 22833  2 1163
9.372432E-7 8.59743E-77.963212E-77.481826E-77.162704E-77.012536E-7 22833  2 1164
7.035186E-77.231584E-77.599624E-78.134176E-78.827188E-79.668094E-7 22833  2 1165
5.597644E-66.417006E-67.092666E-67.641522E-6 8.08002E-68.423214E-6 22833  2 1166
8.684388E-68.875068E-69.005118E-69.082956E-69.115746E-69.109602E-6 22833  2 1167
 9.06975E-6 9.00069E-68.906304E-68.789988E-68.654706E-68.503074E-6 22833  2 1168
8.337426E-6 8.15985E-67.972218E-67.776234E-67.573446E-6 7.36527E-6 22833  2 1169
7.152996E-66.937818E-66.720834E-66.503046E-6 6.28539E-66.068718E-6 22833  2 1170
5.853805E-65.641373E-65.226492E-64.828564E-6 4.45118E-64.097099E-6 22833  2 1171
3.768313E-63.466126E-63.191221E-62.943737E-62.723344E-62.529321E-6 22833  2 1172
2.360629E-62.215975E-62.093885E-61.992754E-61.910896E-61.846597E-6 22833  2 1173
1.798139E-61.763842E-6 1.74208E-61.731301E-61.736942E-61.770253E-6 22833  2 1174
1.822364E-61.886023E-61.955459E-62.026207E-62.094911E-62.159131E-6 22833  2 1175
2.217172E-62.267923E-62.310736E-62.345309E-62.371605E-62.389776E-6 22833  2 1176
2.400115E-62.403008E-62.398902E-62.388283E-62.371656E-6 2.34953E-6 22833  2 1177
2.322409E-62.290789E-62.255147E-62.215942E-62.173615E-6 2.05682E-6 22833  2 1178
 1.92901E-61.795361E-61.660355E-61.527883E-61.401319E-61.283595E-6 22833  2 1179
1.177252E-61.084474E-6 1.00711E-69.466872E-79.044088E-78.811504E-7 22833  2 1180
 8.77455E-78.935164E-79.291768E-79.839177E-71.056872E-61.146846E-6 22833  2 1181
 7.40217E-68.217366E-6 8.88144E-6 9.41319E-6 9.83007E-61.014767E-5 22833  2 1182
1.037961E-51.053767E-51.063191E-51.067098E-51.066226E-51.061212E-5 22833  2 1183
1.052602E-51.040873E-51.026439E-51.009665E-59.908742E-69.703536E-6 22833  2 1184
9.483618E-69.251298E-69.008694E-68.757714E-68.500128E-68.237532E-6 22833  2 1185
7.971414E-67.703124E-67.433928E-67.164978E-66.897324E-6 6.63195E-6 22833  2 1186
6.369738E-65.857969E-65.367592E-64.903061E-64.467793E-64.064249E-6 22833  2 1187
3.694032E-63.357969E-63.056212E-62.788328E-6 2.55340E-62.350111E-6 22833  2 1188
2.176836E-62.031719E-61.912743E-61.817799E-61.744734E-6 1.69140E-6 22833  2 1189
1.655693E-61.635579E-6 1.62912E-61.649972E-61.705118E-61.783492E-6 22833  2 1190
1.876045E-61.975589E-62.076562E-62.174791E-62.267245E-62.351821E-6 22833  2 1191
2.427146E-62.492418E-62.547271E-62.591662E-62.625789E-62.650016E-6 22833  2 1192
2.664828E-62.670782E-62.668481E-62.658553E-62.641627E-6 2.61833E-6 22833  2 1193
2.589269E-62.555035E-62.516194E-62.473283E-6 2.35150E-62.214684E-6 22833  2 1194
2.069123E-61.920238E-61.772701E-61.630546E-61.497264E-61.375866E-6 22833  2 1195
1.268933E-61.178653E-61.106831E-61.054904E-61.023934E-61.014606E-6 22833  2 1196
1.027213E-61.061651E-61.117411E-61.193581E-61.288865E-6 9.15084E-6 22833  2 1197
9.913326E-61.052539E-51.100637E-5 1.13737E-51.164271E-51.182671E-5 22833  2 1198
1.193714E-51.198385E-5 1.19753E-51.191877E-51.182056E-51.168615E-5 22833  2 1199
1.152033E-51.132732E-51.111086E-51.087428E-51.062057E-51.035243E-5 22833  2 1200
 1.00723E-5 9.78243E-69.484848E-69.181428E-68.873898E-68.563836E-6 22833  2 1201
8.252706E-67.941846E-67.632498E-6 7.32579E-6 7.02276E-66.431406E-6 22833  2 1202
5.864932E-65.328517E-64.826137E-64.360661E-63.933947E-6 3.54696E-6 22833  2 1203
3.199872E-62.892181E-62.622814E-6 2.39024E-62.192566E-62.027629E-6 22833  2 1204
1.893084E-61.786474E-61.705295E-61.647047E-61.609282E-61.589633E-6 22833  2 1205
1.585845E-61.617485E-61.688929E-61.787304E-61.902093E-62.024935E-6 22833  2 1206
2.149367E-62.270539E-6 2.38493E-62.490094E-62.584441E-62.667037E-6 22833  2 1207
2.737457E-62.795654E-62.841854E-62.876483E-62.900099E-62.913351E-6 22833  2 1208
2.916936E-62.911579E-6 2.89801E-6 2.87695E-62.849104E-62.815153E-6 22833  2 1209
2.775746E-62.731507E-62.603554E-62.457344E-62.300083E-62.137965E-6 22833  2 1210
1.976312E-61.819711E-61.672117E-61.536936E-61.417088E-61.315044E-6 22833  2 1211
1.232854E-61.172153E-61.134168E-61.119709E-61.129163E-61.162478E-6 22833  2 1212
1.219162E-61.298276E-61.398443E-61.075833E-51.143833E-51.197412E-5 22833  2 1213
1.238456E-51.268633E-51.289396E-51.302001E-5 1.30753E-51.306913E-5 22833  2 1214
1.300957E-51.290357E-51.275721E-5 1.25758E-51.236403E-51.212605E-5 22833  2 1215
1.186557E-51.158593E-51.129012E-51.098089E-5 1.06607E-51.033186E-5 22833  2 1216
9.996432E-69.656346E-69.313374E-68.969136E-68.625138E-6 8.28276E-6 22833  2 1217
7.943256E-67.607784E-66.953046E-6 6.32580E-65.731821E-65.175552E-6 22833  2 1218
4.660197E-64.187839E-63.759562E-63.375569E-63.035312E-62.737607E-6 22833  2 1219
2.480761E-62.262674E-62.080952E-61.932989E-61.816062E-61.727389E-6 22833  2 1220
1.664197E-61.623765E-61.603467E-61.600797E-61.639049E-61.721554E-6 22833  2 1221
1.834012E-61.964732E-62.104425E-62.245906E-62.383781E-62.514135E-6 22833  2 1222
2.634247E-62.742344E-62.837387E-62.918898E-62.986821E-63.041404E-6 22833  2 1223
3.083116E-63.112574E-63.130493E-63.137646E-63.134833E-63.122862E-6 22833  2 1224
 3.10253E-63.074616E-63.039872E-62.999017E-62.952737E-62.817489E-6 22833  2 1225
2.661521E-62.492773E-62.318058E-62.143224E-61.973304E-61.812632E-6 22833  2 1226
1.664941E-61.533427E-61.420799E-61.329311E-61.260767E-61.216535E-6 22833  2 1227
1.197536E-61.204237E-6 1.23664E-61.294271E-61.376177E-61.480919E-6 22833  2 1228
1.217483E-51.275674E-51.320402E-51.353437E-51.376329E-5 1.39042E-5 22833  2 1229
1.396867E-51.396671E-51.390696E-51.379693E-51.364315E-51.345136E-5 22833  2 1230
1.322663E-51.297342E-51.269577E-51.239726E-51.208115E-51.175039E-5 22833  2 1231
1.140768E-51.105547E-51.069603E-51.033144E-59.963606E-6 9.59430E-6 22833  2 1232
9.225144E-68.857614E-68.493096E-68.132832E-67.429506E-66.755484E-6 22833  2 1233
6.117042E-65.518981E-64.964787E-64.456727E-63.995992E-63.582821E-6 22833  2 1234
3.216643E-62.896202E-62.619686E-62.384852E-62.189131E-62.029732E-6 22833  2 1235
1.903728E-61.808134E-61.739971E-61.696316E-61.674346E-61.671367E-6 22833  2 1236
1.712392E-61.801142E-61.922231E-62.063078E-6 2.21368E-6 2.36630E-6 22833  2 1237
2.515124E-6 2.65593E-62.785782E-62.902763E-63.005747E-63.094213E-6 22833  2 1238
3.168091E-63.227644E-63.273369E-63.305925E-63.326077E-63.334649E-6 22833  2 1239
3.332502E-63.320498E-63.299492E-63.270319E-63.233784E-63.190658E-6 22833  2 1240
3.141676E-62.998085E-6 2.83202E-62.651984E-62.465269E-62.278133E-6 22833  2 1241
 2.09596E-61.923383E-61.764394E-61.622414E-61.500347E-6 1.40061E-6 22833  2 1242
1.325151E-61.275454E-61.252535E-61.256932E-61.288696E-61.347374E-6 22833  2 1243
1.432004E-61.541105E-61.337684E-51.385517E-5 1.42102E-51.445813E-5 22833  2 1244
1.461305E-5 1.46871E-51.469083E-51.463332E-5 1.45225E-51.436526E-5 22833  2 1245
1.416767E-51.393508E-51.367222E-51.338334E-51.307224E-51.274237E-5 22833  2 1246
1.239686E-51.203855E-51.167005E-51.129375E-51.091186E-51.052639E-5 22833  2 1247
1.013921E-59.752046E-69.366462E-68.983914E-68.605716E-67.867098E-6 22833  2 1248
7.158906E-66.487788E-65.858836E-65.275752E-64.740956E-6 4.25573E-6 22833  2 1249
3.820356E-63.434257E-63.096136E-62.804112E-62.555843E-62.348645E-6 22833  2 1250
 2.17960E-62.045644E-6 1.94365E-61.870495E-61.823115E-6 1.79855E-6 22833  2 1251
1.793973E-61.834299E-61.924935E-62.049722E-62.195438E-62.351567E-6 22833  2 1252
2.509969E-62.664524E-62.810785E-62.945653E-6 3.06710E-63.173935E-6 22833  2 1253
3.265597E-63.342004E-63.403424E-6 3.45037E-63.483527E-63.503694E-6 22833  2 1254
3.511732E-63.508537E-63.495013E-63.472055E-63.440536E-63.401298E-6 22833  2 1255
 3.35515E-6 3.30286E-63.149965E-6 2.97349E-62.782345E-62.584176E-6 22833  2 1256
2.385546E-6 2.19210E-62.008702E-61.839544E-61.688221E-61.557789E-6 22833  2 1257
1.450798E-61.369312E-6 1.31491E-61.288688E-61.291245E-61.322673E-6 22833  2 1258
1.382542E-61.469887E-61.583198E-6 1.43593E-51.473541E-51.500022E-5 22833  2 1259
1.516828E-51.525216E-51.526278E-51.520957E-51.510076E-51.494351E-5 22833  2 1260
1.474412E-51.450814E-51.424051E-51.394565E-51.362751E-51.328967E-5 22833  2 1261
1.293539E-51.256763E-5 1.21891E-51.180228E-51.140947E-51.101278E-5 22833  2 1262
1.061413E-51.021532E-5 9.81798E-69.423618E-69.033612E-68.271546E-6 22833  2 1263
7.540416E-66.847134E-66.197016E-65.593927E-65.040403E-64.537805E-6 22833  2 1264
4.086461E-63.685807E-63.334532E-63.030722E-62.771984E-62.555569E-6 22833  2 1265
2.378485E-62.237586E-6 2.12966E-62.051498E-61.999949E-61.971965E-6 22833  2 1266
1.964639E-62.001162E-62.089784E-6 2.21385E-62.359725E-62.516557E-6 22833  2 1267
2.675938E-62.831545E-62.978774E-63.114416E-63.236365E-63.343374E-6 22833  2 1268
3.434856E-63.510712E-63.571207E-63.616862E-63.648376E-63.666561E-6 22833  2 1269
3.672302E-63.666518E-63.650134E-6 3.62407E-63.589223E-63.546458E-6 22833  2 1270
3.496607E-63.440462E-63.277391E-63.090217E-62.888123E-62.678992E-6 22833  2 1271
2.469597E-6 2.26577E-6 2.07254E-61.894243E-61.734607E-61.596802E-6 22833  2 1272
1.483483E-61.396802E-61.338415E-61.309483E-61.310655E-6 1.34206E-6 22833  2 1273
1.403287E-61.493375E-61.610794E-61.512935E-51.540908E-51.558943E-5 22833  2 1274
1.568328E-51.570179E-51.565464E-51.555025E-51.539596E-51.519825E-5 22833  2 1275
 1.49628E-5 1.46947E-51.439845E-51.407813E-51.373741E-51.337964E-5 22833  2 1276
1.300784E-5 1.26248E-51.223308E-5 1.18350E-51.143274E-51.102829E-5 22833  2 1277
1.062346E-51.021994E-59.819276E-69.422868E-68.647848E-67.903734E-6 22833  2 1278
7.197618E-66.534972E-6 5.91976E-6 5.35462E-64.840979E-64.379207E-6 22833  2 1279
3.968769E-63.608368E-63.296087E-63.029522E-62.805905E-62.622217E-6 22833  2 1280
2.475279E-62.361845E-62.278668E-62.222557E-62.190427E-62.179332E-6 22833  2 1281
2.209298E-62.292442E-62.411858E-62.553702E-62.706941E-62.863026E-6 22833  2 1282
3.015516E-63.159717E-63.292352E-63.411263E-6 3.51517E-63.603458E-6 22833  2 1283
3.676013E-63.733092E-63.775212E-63.803073E-63.817493E-63.819362E-6 22833  2 1284
3.809606E-63.789163E-63.758959E-63.719904E-63.672874E-6 3.61871E-6 22833  2 1285
3.558217E-63.384186E-63.186053E-62.973149E-62.753495E-62.533992E-6 22833  2 1286
2.320588E-62.118417E-61.931916E-61.764903E-61.620632E-61.501833E-6 22833  2 1287
1.410724E-61.349022E-61.317938E-61.318161E-61.349849E-61.412613E-6 22833  2 1288
1.505494E-61.626949E-61.570192E-51.589376E-51.599764E-51.602488E-5 22833  2 1289
1.598528E-51.588738E-51.573865E-51.554565E-51.531415E-5 1.50493E-5 22833  2 1290
 1.47557E-51.443748E-51.409836E-51.374172E-51.337065E-51.298796E-5 22833  2 1291
1.259624E-51.219788E-51.179505E-51.138978E-5 1.09839E-51.057912E-5 22833  2 1292
1.017701E-59.778986E-69.000282E-68.251992E-67.541298E-6 6.87375E-6 22833  2 1293
6.253398E-65.682943E-65.163863E-64.696576E-64.280588E-63.914634E-6 22833  2 1294
3.596827E-63.324785E-63.095761E-62.906747E-6 2.75458E-62.636022E-6 22833  2 1295
 2.54783E-6 2.48682E-62.449907E-62.434145E-62.455124E-62.529727E-6 22833  2 1296
2.641021E-62.775123E-62.920967E-63.069964E-63.215639E-63.353267E-6 22833  2 1297
3.479539E-63.592274E-63.690167E-63.772583E-63.839395E-63.890842E-6 22833  2 1298
3.927431E-63.949853E-6 3.95892E-63.955514E-63.940558E-63.914985E-6 22833  2 1299
3.879722E-63.835675E-6 3.78372E-6 3.72470E-63.659418E-63.473726E-6 22833  2 1300
 3.26440E-63.040811E-62.811028E-62.582005E-62.359743E-62.149435E-6 22833  2 1301
1.955573E-61.782031E-61.632116E-61.508608E-61.413773E-61.349373E-6 22833  2 1302
1.316653E-61.316335E-61.348603E-61.413078E-61.508811E-61.634254E-6 22833  2 1303
1.609634E-51.621028E-51.624693E-51.621615E-51.612654E-51.598561E-5 22833  2 1304
1.579995E-51.557538E-51.531707E-51.502965E-51.471726E-51.438364E-5 22833  2 1305
 1.40322E-51.366604E-51.328798E-51.290061E-51.250633E-51.210733E-5 22833  2 1306
1.170563E-51.130308E-51.090138E-5 1.05021E-51.010667E-59.332466E-6 22833  2 1307
8.587758E-67.879764E-6 7.21407E-6 6.59475E-66.024552E-65.504992E-6 22833  2 1308
5.036541E-64.618753E-64.250416E-63.929696E-63.654266E-6 3.42143E-6 22833  2 1309
3.228236E-63.071568E-62.948235E-62.855041E-62.788841E-62.746591E-6 22833  2 1310
2.725379E-62.735241E-62.798609E-62.898718E-63.021807E-63.156897E-6 22833  2 1311
3.295459E-63.431053E-63.558973E-63.675916E-63.779696E-63.868998E-6 22833  2 1312
3.943174E-64.002076E-64.045929E-6 4.07522E-64.090621E-64.092926E-6 22833  2 1313
4.083001E-64.061754E-64.030103E-63.988964E-63.939229E-63.881765E-6 22833  2 1314
3.817405E-63.746945E-63.548971E-63.328244E-63.094083E-62.854525E-6 22833  2 1315
2.616508E-62.386036E-62.168312E-61.967848E-6 1.78854E-61.633723E-6 22833  2 1316
1.506206E-61.408286E-61.341749E-61.307869E-61.307389E-61.340509E-6 22833  2 1317
1.406865E-61.505512E-61.634905E-61.633424E-51.638087E-51.636001E-5 22833  2 1318
1.628025E-51.614906E-51.597304E-51.575799E-51.550908E-51.523092E-5 22833  2 1319
1.492763E-51.460296E-51.426028E-5 1.39027E-51.353301E-51.315381E-5 22833  2 1320
1.276746E-51.237615E-51.198188E-51.158649E-51.119169E-51.079902E-5 22833  2 1321
 1.04099E-5 9.64740E-68.913126E-68.214264E-6 7.55637E-66.943536E-6 22833  2 1322
6.378516E-65.862867E-65.397102E-64.980836E-64.612927E-64.291615E-6 22833  2 1323
4.014655E-63.779434E-63.583082E-63.422569E-63.294785E-63.196612E-6 22833  2 1324
3.124982E-63.076918E-63.049574E-63.046459E-63.096234E-6 3.18247E-6 22833  2 1325
 3.29167E-63.413053E-63.538232E-63.660869E-63.776318E-63.881315E-6 22833  2 1326
3.973689E-64.052126E-64.115968E-64.165051E-64.199577E-64.220008E-6 22833  2 1327
4.226989E-64.221287E-64.203745E-64.175243E-64.136678E-64.088939E-6 22833  2 1328
4.032901E-63.969411E-63.899285E-63.823303E-63.612499E-63.380195E-6 22833  2 1329
3.135566E-62.886551E-62.640016E-62.401916E-62.177426E-61.971041E-6 22833  2 1330
1.786655E-61.627607E-61.496715E-61.396287E-61.328126E-61.293518E-6 22833  2 1331
1.293221E-61.327447E-6 1.39584E-61.497461E-61.630769E-61.643796E-5 22833  2 1332
1.642796E-51.635936E-51.623961E-51.607522E-51.587197E-51.563495E-5 22833  2 1333
1.536874E-51.507742E-5 1.47647E-51.443391E-51.408812E-5 1.37301E-5 22833  2 1334
 1.33624E-51.298735E-51.260713E-51.222369E-51.183885E-5 1.14543E-5 22833  2 1335
1.107155E-51.069202E-59.947568E-69.229764E-68.545692E-6 7.90086E-6 22833  2 1336
7.299324E-66.743832E-66.235974E-65.776304E-65.364505E-64.999518E-6 22833  2 1337
4.679678E-64.402843E-64.166509E-6 3.96792E-63.804158E-63.672226E-6 22833  2 1338
3.569113E-63.491854E-63.437572E-63.403513E-63.385805E-63.419931E-6 22833  2 1339
3.489945E-63.582739E-63.687824E-63.797035E-63.904186E-64.004737E-6 22833  2 1340
4.095487E-6 4.17430E-64.239872E-6 4.29154E-64.329122E-64.352794E-6 22833  2 1341
4.362989E-64.360319E-64.345517E-64.319389E-64.282784E-64.236565E-6 22833  2 1342
4.181593E-64.118711E-64.048742E-63.972476E-6 3.89067E-6 3.66656E-6 22833  2 1343
3.422528E-63.167534E-62.909353E-62.654729E-62.409526E-62.178854E-6 22833  2 1344
1.967165E-61.778323E-61.615649E-61.481953E-61.379542E-61.310219E-6 22833  2 1345
1.275276E-61.275476E-61.311037E-61.381607E-61.486255E-61.623443E-6 22833  2 1346
 1.64296E-51.637333E-51.626647E-51.611546E-51.592596E-51.570301E-5 22833  2 1347
 1.54511E-51.517426E-51.487611E-51.455995E-51.422877E-5 1.38853E-5 22833  2 1348
1.353203E-51.317125E-51.280509E-51.243546E-51.206415E-51.169279E-5 22833  2 1349
1.132289E-51.095581E-51.023499E-59.538968E-6 8.87469E-68.247552E-6 22833  2 1350
7.661556E-67.119444E-6 6.62280E-66.172242E-65.767523E-65.407674E-6 22833  2 1351
5.091142E-64.815909E-64.579605E-64.379609E-64.213144E-64.077348E-6 22833  2 1352
3.969347E-63.886304E-63.825466E-63.784193E-63.750507E-6 3.76720E-6 22833  2 1353
 3.81895E-63.893143E-63.979671E-64.070653E-64.160107E-64.243634E-6 22833  2 1354
4.318123E-64.381486E-64.432439E-64.470319E-64.494925E-64.506406E-6 22833  2 1355
4.505159E-64.491758E-64.466894E-64.431334E-64.385882E-64.331365E-6 22833  2 1356
4.268602E-64.198406E-64.121561E-6 4.03883E-63.950938E-63.713114E-6 22833  2 1357
3.457232E-63.191975E-62.924898E-62.662576E-62.410746E-62.174422E-6 22833  2 1358
1.957984E-61.765246E-61.599493E-6 1.46351E-61.359588E-61.289522E-6 22833  2 1359
1.254599E-6 1.25558E-6 1.29268E-61.365552E-61.473266E-61.614295E-6 22833  2 1360
1.633037E-51.623767E-51.610153E-5 1.59275E-51.572052E-51.548496E-5 22833  2 1361
1.522477E-5 1.49435E-51.464435E-51.433024E-51.400383E-51.366756E-5 22833  2 1362
1.332365E-51.297415E-51.262095E-51.226576E-5 1.19102E-5 1.15557E-5 22833  2 1363
 1.12036E-51.051131E-59.841746E-69.201642E-68.596284E-68.029584E-6 22833  2 1364
7.504236E-67.021848E-66.583074E-66.187746E-65.834999E-65.523412E-6 22833  2 1365
5.251103E-65.015855E-64.815206E-64.646539E-64.507153E-64.394333E-6 22833  2 1366
4.305391E-6 4.23772E-64.188815E-64.137967E-64.135696E-64.167418E-6 22833  2 1367
4.221107E-64.287115E-64.357903E-64.427737E-6 4.49239E-6 4.54886E-6 22833  2 1368
4.595126E-64.629932E-64.652614E-64.662958E-6 4.66108E-64.647339E-6 22833  2 1369
4.622266E-64.586504E-64.540771E-64.485826E-64.422448E-64.351414E-6 22833  2 1370
4.273493E-64.189432E-64.099954E-64.005754E-6 3.75387E-63.486048E-6 22833  2 1371
3.210632E-6 2.93491E-6 2.66525E-62.407227E-62.165732E-6 1.94505E-6 22833  2 1372
1.748923E-61.580585E-61.442782E-61.337778E-61.267347E-61.232762E-6 22833  2 1373
1.234775E-61.273597E-61.348875E-61.459683E-61.604506E-61.616022E-5 22833  2 1374
1.604024E-51.588316E-51.569377E-51.547635E-51.523471E-51.497231E-5 22833  2 1375
1.469225E-51.439736E-51.409021E-51.377317E-51.344839E-51.311784E-5 22833  2 1376
1.278335E-51.244657E-51.210906E-5 1.17722E-51.143728E-51.077784E-5 22833  2 1377
1.013882E-59.526764E-68.946774E-68.402658E-67.897068E-67.431612E-6 22833  2 1378
 7.00698E-6 6.62310E-6 6.27921E-65.974024E-65.705823E-65.472556E-6 22833  2 1379
5.271939E-65.101535E-64.958826E-6 4.84127E-64.746353E-64.671629E-6 22833  2 1380
4.614749E-64.545746E-64.523207E-64.533391E-64.564943E-64.608739E-6 22833  2 1381
4.657634E-64.706185E-64.750361E-64.787294E-64.815036E-64.832368E-6 22833  2 1382
4.838633E-64.833598E-64.817348E-64.790203E-64.752641E-64.705256E-6 22833  2 1383
4.648713E-64.583717E-64.510994E-64.431275E-64.345278E-64.253708E-6 22833  2 1384
4.157247E-64.056549E-63.790322E-63.510499E-63.225034E-62.940907E-6 22833  2 1385
2.664242E-62.400425E-62.154197E-6 1.92973E-61.730676E-61.560202E-6 22833  2 1386
1.421001E-61.315299E-61.244842E-6 1.21088E-6 1.21415E-6 1.25485E-6 22833  2 1387
1.332622E-61.446539E-61.595096E-61.593754E-51.579869E-51.562831E-5 22833  2 1388
1.543055E-51.520911E-5 1.49673E-51.470813E-51.443432E-51.414835E-5 22833  2 1389
1.385249E-5 1.35488E-51.323918E-51.292539E-51.260901E-51.229152E-5 22833  2 1390
1.197425E-51.165845E-5 1.10356E-51.043072E-59.850092E-69.298614E-6 22833  2 1391
 8.77998E-68.296776E-6 7.85061E-67.442214E-67.071588E-66.738108E-6 22833  2 1392
6.440628E-66.177594E-65.947147E-65.747189E-65.575484E-6 5.42971E-6 22833  2 1393
5.307519E-65.206587E-65.124646E-65.059517E-64.971538E-64.927638E-6 22833  2 1394
4.915003E-64.923028E-64.943169E-64.968722E-64.994563E-6 5.01689E-6 22833  2 1395
5.032978E-6 5.04097E-6 5.03969E-65.028487E-65.007115E-64.975626E-6 22833  2 1396
4.934293E-64.883544E-64.823916E-64.756015E-64.680491E-64.598014E-6 22833  2 1397
4.509256E-64.414888E-64.315564E-64.211921E-6 4.10457E-63.823777E-6 22833  2 1398
 3.53192E-63.236525E-62.944224E-62.660868E-62.391626E-62.141068E-6 22833  2 1399
1.913234E-61.711672E-61.539467E-61.399252E-6 1.29320E-61.223021E-6 22833  2 1400
1.189937E-61.194659E-61.237372E-61.317706E-61.434731E-61.586952E-6 22833  2 1401
1.567914E-51.552899E-51.535221E-51.515237E-51.493264E-51.469591E-5 22833  2 1402
1.444479E-51.418164E-51.390863E-51.362773E-51.334077E-51.304939E-5 22833  2 1403
1.275513E-51.245937E-5 1.21634E-51.186839E-5 1.12854E-51.071778E-5 22833  2 1404
1.017152E-5 9.65130E-69.160686E-68.702178E-68.277372E-67.887042E-6 22833  2 1405
7.531284E-67.209588E-66.920976E-66.664062E-6 6.43719E-66.238464E-6 22833  2 1406
6.065868E-65.917283E-65.790577E-65.683624E-65.594351E-65.520763E-6 22833  2 1407
5.413151E-65.346989E-65.310472E-65.293804E-65.289074E-65.290059E-6 22833  2 1408
5.291985E-65.291296E-65.285432E-65.272634E-65.251773E-65.222212E-6 22833  2 1409
 5.18369E-65.136224E-65.080039E-65.015511E-64.943116E-64.863398E-6 22833  2 1410
4.776946E-64.684367E-64.586279E-64.483295E-64.376017E-6 4.26503E-6 22833  2 1411
4.150904E-63.855377E-63.551488E-63.246291E-62.946042E-6 2.65629E-6 22833  2 1412
2.381965E-62.127451E-61.896634E-61.692947E-61.519382E-61.378496E-6 22833  2 1413
1.272409E-6 1.20278E-61.170797E-61.177144E-61.221982E-61.304926E-6 22833  2 1414
1.425041E-61.580843E-61.540009E-51.524541E-51.506836E-51.487198E-5 22833  2 1415
1.465902E-51.443195E-51.419304E-51.394432E-51.368768E-51.342484E-5 22833  2 1416
1.315736E-51.288669E-51.261414E-51.234092E-51.206814E-51.152783E-5 22833  2 1417
1.100017E-51.049083E-51.000426E-59.543864E-69.112062E-68.710428E-6 22833  2 1418
8.339784E-68.000304E-67.691616E-67.412892E-67.162956E-66.940344E-6 22833  2 1419
6.743388E-66.570282E-66.419142E-66.288054E-6 6.17511E-66.078444E-6 22833  2 1420
5.996242E-6 5.86849E-65.779346E-6 5.71808E-65.675761E-65.645156E-6 22833  2 1421
5.620555E-65.597561E-65.572885E-65.544144E-65.509685E-65.468435E-6 22833  2 1422
5.419772E-65.363419E-6 5.29936E-65.227773E-65.148973E-65.063375E-6 22833  2 1423
4.971461E-64.873751E-6 4.77079E-64.663134E-64.551337E-64.435944E-6 22833  2 1424
4.317491E-64.196495E-63.886123E-63.570233E-63.255376E-62.947402E-6 22833  2 1425
2.651536E-62.372451E-62.114323E-61.880878E-61.675417E-61.500827E-6 22833  2 1426
1.359586E-61.253743E-61.184908E-61.154225E-61.162343E-61.209395E-6 22833  2 1427
1.294981E-61.418154E-6 1.57744E-61.511377E-51.496053E-51.478856E-5 22833  2 1428
1.460048E-51.439863E-51.418513E-51.396193E-51.373078E-51.349331E-5 22833  2 1429
1.325099E-51.300517E-51.275708E-51.250786E-51.225855E-51.176332E-5 22833  2 1430
1.127794E-51.080771E-51.035685E-59.928572E-69.525216E-69.148332E-6 22833  2 1431
8.798778E-68.476818E-68.182206E-6 7.91430E-67.672104E-67.454376E-6 22833  2 1432
7.259676E-67.086426E-66.932988E-66.797676E-66.678798E-6 6.57471E-6 22833  2 1433
6.483804E-66.335544E-66.222864E-66.136164E-66.067428E-6 6.01014E-6 22833  2 1434
5.959129E-6 5.91040E-65.860946E-65.808572E-65.751742E-65.689442E-6 22833  2 1435
5.621068E-65.546329E-65.465176E-65.377736E-65.284265E-65.185115E-6 22833  2 1436
5.080697E-64.971467E-64.857901E-64.740491E-64.619729E-64.496104E-6 22833  2 1437
4.370093E-64.242165E-63.916889E-63.589061E-63.264698E-62.949221E-6 22833  2 1438
2.647515E-62.363974E-62.102555E-61.866808E-61.659893E-61.484587E-6 22833  2 1439
1.343272E-61.237927E-61.170103E-6 1.14089E-61.150903E-6 1.20024E-6 22833  2 1440
1.288478E-6 1.41466E-61.577319E-61.483191E-51.468524E-51.452296E-5 22833  2 1441
1.434728E-5 1.41602E-51.396353E-51.375891E-51.354786E-51.333175E-5 22833  2 1442
1.311183E-51.288926E-51.266509E-51.244029E-51.199218E-51.155103E-5 22833  2 1443
1.112177E-51.070836E-51.031384E-59.940428E-6 9.58965E-69.262404E-6 22833  2 1444
8.959038E-68.679456E-68.423172E-68.189406E-67.977126E-67.785132E-6 22833  2 1445
7.612092E-67.456614E-67.317234E-67.192518E-67.081026E-66.981384E-6 22833  2 1446
6.812376E-66.675762E-66.563118E-66.467382E-66.382782E-66.304716E-6 22833  2 1447
6.229608E-66.154752E-66.078144E-65.998382E-65.914508E-65.825942E-6 22833  2 1448
 5.73238E-65.633737E-65.530092E-6 5.42164E-65.308664E-65.191508E-6 22833  2 1449
5.070557E-64.946221E-6 4.81892E-64.689086E-64.557144E-64.423519E-6 22833  2 1450
4.288622E-63.948438E-63.608765E-63.275065E-62.952312E-62.645028E-6 22833  2 1451
 2.35732E-62.092912E-61.855166E-61.647095E-6 1.47135E-61.330219E-6 22833  2 1452
 1.22560E-61.158974E-61.131383E-61.143391E-61.195063E-61.285948E-6 22833  2 1453
1.415074E-6 1.58098E-61.456457E-51.442885E-51.428013E-51.412026E-5 22833  2 1454
1.395095E-5 1.37737E-51.358993E-51.340089E-51.320775E-51.301156E-5 22833  2 1455
1.281331E-51.261387E-51.221458E-51.181929E-51.143257E-51.105808E-5 22833  2 1456
1.069868E-51.035647E-51.003297E-59.729066E-69.445236E-6 9.18150E-6 22833  2 1457
8.937552E-68.712822E-68.506506E-68.317644E-6 8.14515E-67.987878E-6 22833  2 1458
7.844628E-67.714188E-67.595358E-6 7.48698E-6 7.29711E-6 7.13631E-6 22833  2 1459
 6.99738E-66.874224E-6 6.76185E-66.656256E-66.554292E-66.453558E-6 22833  2 1460
6.352278E-66.249156E-6 6.14331E-66.034188E-65.921475E-65.805048E-6 22833  2 1461
5.684935E-65.561271E-65.434272E-65.304211E-65.171399E-65.036176E-6 22833  2 1462
4.898896E-64.759921E-64.619618E-64.478351E-64.336477E-6 3.98143E-6 22833  2 1463
3.630036E-63.287185E-62.957384E-62.644782E-62.353183E-62.086069E-6 22833  2 1464
1.846609E-61.637651E-61.461725E-6 1.32101E-61.217317E-61.152059E-6 22833  2 1465
1.126214E-61.140298E-61.194337E-61.287845E-61.419835E-61.588847E-6 22833  2 1466
1.432026E-51.419911E-5 1.40671E-5 1.39258E-5 1.37766E-51.362078E-5 22833  2 1467
1.345951E-51.329383E-51.312474E-51.295309E-51.277971E-5 1.24306E-5 22833  2 1468
1.208249E-51.173959E-51.140524E-51.108209E-51.077215E-51.047688E-5 22833  2 1469
1.019722E-59.933714E-69.686532E-6 9.45555E-69.240396E-69.040512E-6 22833  2 1470
8.855166E-68.683542E-6 8.52474E-68.377812E-68.241798E-68.115732E-6 22833  2 1471
7.998666E-67.787946E-67.602846E-67.437414E-6 7.28658E-67.146138E-6 22833  2 1472
7.012692E-66.883548E-66.756624E-66.630348E-66.503574E-66.375486E-6 22833  2 1473
6.245562E-66.113466E-65.979053E-65.842296E-65.703269E-65.562118E-6 22833  2 1474
5.419045E-65.274287E-65.128114E-64.980808E-64.832667E-64.683991E-6 22833  2 1475
4.535084E-6 4.38625E-64.016435E-63.653476E-63.301673E-62.965059E-6 22833  2 1476
2.647393E-6 2.35217E-6 2.08262E-61.841706E-61.632116E-61.456241E-6 22833  2 1477
1.316151E-61.213565E-61.149818E-61.125826E-61.142048E-61.198466E-6 22833  2 1478
1.294559E-61.429316E-61.601281E-61.410598E-51.400231E-51.388951E-5 22833  2 1479
1.376885E-51.364152E-51.350854E-51.337087E-51.322939E-51.308491E-5 22833  2 1480
1.293812E-51.264025E-51.234039E-5 1.20423E-51.174905E-51.146307E-5 22833  2 1481
1.118626E-51.092002E-51.066534E-51.042282E-51.019281E-5 9.97533E-6 22833  2 1482
9.770238E-69.577194E-69.395736E-69.225288E-69.065214E-6 8.91483E-6 22833  2 1483
 8.77341E-68.640234E-68.514594E-6 8.28312E-68.073732E-67.881744E-6 22833  2 1484
7.703118E-67.534458E-67.372992E-67.216482E-67.063176E-6 6.91173E-6 22833  2 1485
 6.76113E-66.610644E-66.459762E-6 6.30816E-66.155646E-66.002148E-6 22833  2 1486
5.847681E-65.692316E-65.536183E-6 5.37945E-65.222309E-65.064975E-6 22833  2 1487
4.907675E-64.750648E-64.594134E-64.438381E-64.053939E-6 3.67960E-6 22833  2 1488
3.319064E-62.975875E-62.653398E-62.354807E-62.083076E-61.840958E-6 22833  2 1489
1.630967E-61.455357E-6 1.31608E-6 1.21476E-6 1.15265E-61.130596E-6 22833  2 1490
1.148999E-6 1.20779E-61.306412E-61.443827E-61.618577E-6 1.39273E-5 22833  2 1491
1.384334E-5 1.37516E-51.365311E-51.354879E-51.343952E-51.332605E-5 22833  2 1492
1.320911E-51.308932E-51.284349E-51.259264E-51.234014E-51.208873E-5 22833  2 1493
1.184064E-51.159763E-51.136106E-51.113194E-51.091098E-51.069862E-5 22833  2 1494
1.049512E-5 1.03005E-51.011469E-59.937446E-69.768474E-69.607392E-6 22833  2 1495
9.453774E-69.307146E-69.167034E-69.032946E-68.780934E-6 8.54739E-6 22833  2 1496
8.328918E-68.122524E-6 7.92564E-67.736118E-67.552194E-67.372452E-6 22833  2 1497
7.195776E-6 7.02129E-66.848352E-6 6.67647E-6 6.50532E-6 6.33468E-6 22833  2 1498
6.164424E-6 5.99450E-65.824921E-65.655739E-65.487048E-65.318968E-6 22833  2 1499
5.151643E-6 4.98523E-64.819901E-6 4.65584E-64.493234E-64.094353E-6 22833  2 1500
3.708848E-63.339813E-62.990295E-62.663258E-6 2.36155E-62.087881E-6 22833  2 1501
1.844789E-61.634614E-61.459462E-61.321168E-61.221254E-61.160886E-6 22833  2 1502
1.140838E-61.161448E-61.222593E-61.323673E-61.463621E-61.640975E-6 22833  2 1503
1.378844E-51.372582E-5 1.36564E-51.358099E-51.350035E-51.341515E-5 22833  2 1504
 1.33260E-51.323346E-5 1.30402E-51.283891E-51.263253E-51.242349E-5 22833  2 1505
 1.22138E-51.200509E-51.179868E-51.159559E-51.139662E-51.120235E-5 22833  2 1506
 1.10132E-51.082943E-51.065118E-51.047847E-51.031126E-51.014944E-5 22833  2 1507
 9.99282E-6 9.84120E-6 9.69435E-6 9.55200E-69.279756E-69.022296E-6 22833  2 1508
8.777532E-68.543526E-68.318532E-6 8.10105E-67.889796E-67.683684E-6 22833  2 1509
7.481832E-67.283514E-6 7.08816E-66.895332E-66.704676E-66.515958E-6 22833  2 1510
6.328992E-6 6.14367E-65.959936E-65.777768E-65.597186E-65.418238E-6 22833  2 1511
5.240995E-65.065547E-64.892001E-64.720477E-64.551105E-64.138016E-6 22833  2 1512
 3.74159E-63.364305E-63.008711E-62.677363E-62.372782E-62.097408E-6 22833  2 1513
1.853561E-61.643401E-61.468885E-61.331725E-61.233337E-6 1.17480E-6 22833  2 1514
1.156808E-61.179634E-61.243097E-61.346549E-61.488894E-61.668659E-6 22833  2 1515
1.369241E-51.365215E-51.360575E-51.355385E-51.349703E-51.343581E-5 22833  2 1516
1.337065E-51.323025E-51.307882E-51.291888E-51.275255E-5 1.25816E-5 22833  2 1517
1.240754E-51.223162E-51.205491E-51.187826E-51.170241E-51.152794E-5 22833  2 1518
1.135532E-51.118493E-51.101705E-51.085188E-51.068958E-51.053022E-5 22833  2 1519
1.037385E-51.022048E-51.007008E-59.777996E-69.496974E-69.226224E-6 22833  2 1520
 8.96487E-68.712018E-68.466798E-68.228406E-67.996098E-67.769232E-6 22833  2 1521
7.547232E-67.329612E-67.115958E-66.905934E-66.699258E-66.495702E-6 22833  2 1522
6.295098E-6 6.09732E-65.902277E-65.709916E-65.520211E-6 5.33316E-6 22833  2 1523
5.148787E-64.967133E-64.788256E-64.612228E-64.185204E-63.778126E-6 22833  2 1524
3.392859E-63.031447E-62.696039E-62.388823E-62.111968E-61.867571E-6 22833  2 1525
1.657611E-61.483894E-61.348002E-61.251245E-61.194609E-61.178708E-6 22833  2 1526
1.203743E-61.269474E-61.375201E-61.519792E-61.701764E-61.364102E-5 22833  2 1527
1.362361E-51.360044E-5 1.35720E-51.353871E-51.350096E-51.341347E-5 22833  2 1528
1.331199E-51.319861E-51.307513E-5 1.29431E-51.280389E-51.265868E-5 22833  2 1529
1.250855E-51.235447E-51.219729E-51.203775E-51.187656E-51.171429E-5 22833  2 1530
 1.15515E-51.138864E-51.122611E-51.106428E-51.090342E-51.074378E-5 22833  2 1531
1.058558E-51.027412E-59.969984E-69.673668E-69.385356E-6 9.10500E-6 22833  2 1532
8.832372E-68.567142E-68.308926E-6 8.05731E-67.811874E-67.572216E-6 22833  2 1533
7.337958E-67.108758E-66.884316E-6 6.66435E-66.448638E-66.236982E-6 22833  2 1534
6.029226E-65.825241E-65.624926E-65.428213E-65.235055E-65.045429E-6 22833  2 1535
4.859332E-64.676778E-64.236132E-63.818699E-63.425731E-63.058768E-6 22833  2 1536
2.719551E-62.409932E-6 2.13181E-61.887058E-61.677469E-61.504697E-6 22833  2 1537
1.370193E-61.275157E-61.220477E-61.206686E-6 1.23391E-61.301845E-6 22833  2 1538
1.409736E-61.556413E-61.740377E-61.363505E-51.364049E-51.364031E-5 22833  2 1539
1.363485E-51.362441E-51.358968E-51.353804E-51.347116E-51.339051E-5 22833  2 1540
 1.32974E-51.319308E-51.307866E-51.295526E-51.282388E-51.268554E-5 22833  2 1541
1.254113E-51.239157E-51.223767E-51.208021E-51.191991E-51.175744E-5 22833  2 1542
1.159339E-51.142831E-51.126269E-51.109696E-51.076669E-51.043996E-5 22833  2 1543
1.011859E-59.803814E-6 9.49641E-69.196806E-68.905158E-68.621412E-6 22833  2 1544
 8.34540E-68.076858E-67.815474E-67.560906E-67.312806E-6 7.07085E-6 22833  2 1545
 6.83472E-66.604122E-6 6.37881E-66.158538E-65.943121E-65.732381E-6 22833  2 1546
5.526181E-65.324406E-65.126969E-64.933808E-64.744877E-64.290959E-6 22833  2 1547
3.863494E-63.463119E-63.090879E-62.748103E-62.436312E-62.157129E-6 22833  2 1548
1.912205E-61.703147E-61.531451E-6 1.39844E-61.305198E-61.252517E-6 22833  2 1549
 1.24084E-6 1.27022E-61.340281E-61.450215E-61.598805E-61.784539E-6 22833  2 1550
1.367431E-51.370217E-51.372433E-51.374101E-51.375868E-51.375659E-5 22833  2 1551
1.373597E-51.369795E-51.364364E-51.357412E-51.349048E-5 1.33938E-5 22833  2 1552
1.328521E-51.316579E-51.303666E-5 1.28989E-51.275356E-51.260166E-5 22833  2 1553
1.244417E-51.228201E-51.211602E-51.194701E-5 1.17757E-51.160276E-5 22833  2 1554
1.125427E-51.090558E-51.055976E-5 1.02191E-59.885222E-69.559176E-6 22833  2 1555
9.241602E-68.932806E-68.632848E-68.341614E-68.058888E-67.784364E-6 22833  2 1556
7.517706E-67.258554E-67.006554E-66.761352E-66.522636E-6 6.29010E-6 22833  2 1557
 6.06348E-65.842531E-65.627048E-65.416851E-65.211789E-65.011738E-6 22833  2 1558
4.816598E-64.349793E-63.912638E-63.505169E-63.127931E-62.781848E-6 22833  2 1559
2.468108E-62.188064E-61.943143E-61.734762E-61.564264E-61.432835E-6 22833  2 1560
1.341448E-61.290791E-61.281222E-6 1.31271E-61.384811E-61.496654E-6 22833  2 1561
1.646978E-61.834248E-61.375777E-51.380724E-51.385074E-51.392029E-5 22833  2 1562
1.396727E-51.399249E-51.399678E-51.398099E-51.394608E-51.389305E-5 22833  2 1563
1.382303E-51.373719E-51.363675E-51.352297E-51.339715E-51.326054E-5 22833  2 1564
 1.31144E-51.295996E-51.279837E-51.263073E-51.245809E-51.228141E-5 22833  2 1565
1.210157E-51.173556E-51.136559E-51.099601E-51.063015E-51.027044E-5 22833  2 1566
9.918576E-6 9.57567E-69.242376E-68.918988E-6 8.60556E-68.301948E-6 22833  2 1567
 8.00790E-6 7.72308E-67.447104E-67.179576E-66.920094E-6 6.66828E-6 22833  2 1568
6.423762E-66.186198E-65.955292E-65.730761E-65.512361E-65.299879E-6 22833  2 1569
5.093132E-64.891967E-64.412693E-63.966217E-63.551975E-63.170023E-6 22833  2 1570
2.820885E-62.505419E-62.224706E-6 1.97995E-61.772383E-61.603189E-6 22833  2 1571
1.473422E-61.383937E-6 1.33532E-61.327837E-61.361375E-61.435417E-6 22833  2 1572
1.549028E-61.700896E-61.889464E-61.388365E-51.395359E-5 1.40743E-5 22833  2 1573
1.416971E-51.424023E-51.428634E-51.430868E-51.430805E-51.428542E-5 22833  2 1574
1.424188E-5 1.41787E-5 1.40972E-51.399882E-5 1.38850E-51.375726E-5 22833  2 1575
1.361708E-5 1.34659E-51.330514E-51.313614E-51.296019E-51.277847E-5 22833  2 1576
1.259209E-51.220929E-51.181879E-51.142622E-51.103591E-5 1.06511E-5 22833  2 1577
1.027413E-59.906564E-69.549408E-6 9.20319E-6 8.86812E-68.544156E-6 22833  2 1578
 8.23107E-67.928538E-67.636164E-67.353504E-67.080108E-66.815532E-6 22833  2 1579
6.559344E-66.311142E-66.070554E-65.837228E-65.610867E-65.391191E-6 22833  2 1580
5.177963E-64.970971E-64.479675E-64.024262E-63.603583E-63.217209E-6 22833  2 1581
2.865268E-62.548292E-62.267096E-62.022661E-61.816033E-6 1.64824E-6 22833  2 1582
1.520201E-61.432652E-61.386079E-6 1.38065E-6 1.41617E-61.492045E-6 22833  2 1583
1.607272E-61.760489E-61.950109E-61.404952E-51.422053E-5 1.43636E-5 22833  2 1584
1.447871E-51.456603E-51.462598E-51.465922E-51.466663E-51.464934E-5 22833  2 1585
1.460864E-5 1.45460E-51.446299E-51.436125E-51.424249E-51.410842E-5 22833  2 1586
1.396072E-51.380104E-51.363098E-51.345204E-51.326563E-51.307307E-5 22833  2 1587
1.267426E-51.226407E-51.184933E-5 1.14354E-51.102631E-5 1.06250E-5 22833  2 1588
1.023352E-59.853206E-6 9.48483E-69.128742E-68.784996E-68.453418E-6 22833  2 1589
8.133684E-6 7.82538E-6 7.52802E-67.241118E-66.964158E-66.696654E-6 22833  2 1590
6.438138E-6 6.18816E-65.946331E-65.712269E-65.485645E-65.266161E-6 22833  2 1591
5.053556E-64.550714E-64.086769E-63.659997E-63.269496E-62.915003E-6 22833  2 1592
2.596732E-62.315231E-62.071263E-61.865692E-61.699385E-61.573129E-6 22833  2 1593
1.487541E-61.443002E-61.439585E-61.477009E-61.554599E-61.671286E-6 22833  2 1594
1.825649E-62.016071E-61.448899E-51.472448E-51.492618E-51.509364E-5 22833  2 1595
1.522684E-51.532614E-5 1.53923E-51.542644E-51.542998E-51.540456E-5 22833  2 1596
1.535206E-51.527447E-5 1.51739E-51.505247E-51.491233E-51.475558E-5 22833  2 1597
1.458426E-51.440033E-51.420563E-51.400189E-51.357359E-51.312668E-5 22833  2 1598
1.267036E-51.221191E-51.175693E-51.130956E-51.087274E-51.044848E-5 22833  2 1599
1.003801E-59.641982E-6 9.26064E-68.893896E-68.541456E-68.202858E-6 22833  2 1600
7.877574E-67.564998E-6 7.26453E-66.975552E-66.697476E-66.429738E-6 22833  2 1601
6.171816E-65.923213E-65.683489E-65.452237E-65.229094E-6 4.70468E-6 22833  2 1602
4.224946E-63.787058E-63.389201E-63.030359E-62.710122E-62.428525E-6 22833  2 1603
 2.18590E-6 1.98275E-61.819633E-61.697065E-61.615431E-61.574895E-6 22833  2 1604
1.575339E-61.616302E-61.696945E-61.816052E-61.972082E-62.163346E-6 22833  2 1605
1.504777E-51.533188E-51.557575E-51.577894E-51.594152E-51.606414E-5 22833  2 1606
1.614787E-51.619423E-51.620508E-51.618252E-51.612888E-51.604663E-5 22833  2 1607
1.593829E-51.580642E-51.565356E-51.548215E-51.529459E-51.509311E-5 22833  2 1608
1.487984E-51.442563E-51.394584E-5 1.34519E-51.295295E-51.245602E-5 22833  2 1609
1.196642E-51.148794E-51.102323E-51.057396E-5 1.01411E-59.725064E-6 22833  2 1610
9.325866E-68.943228E-68.576682E-68.225628E-67.889388E-67.567254E-6 22833  2 1611
7.258512E-6 6.96246E-6 6.67842E-6 6.40575E-66.143856E-65.892182E-6 22833  2 1612
5.650229E-65.417536E-64.873708E-64.379966E-63.932437E-63.528439E-6 22833  2 1613
3.166242E-62.844847E-62.563796E-62.323007E-62.122634E-61.962934E-6 22833  2 1614
1.844159E-61.766456E-6 1.72978E-61.733812E-61.777908E-61.861059E-6 22833  2 1615
1.981892E-62.138735E-62.329816E-61.569347E-51.600935E-51.627864E-5 22833  2 1616
1.650116E-51.667741E-51.680845E-51.689586E-51.694165E-51.694818E-5 22833  2 1617
1.691806E-51.685408E-51.675914E-51.663616E-51.648808E-51.631775E-5 22833  2 1618
1.612792E-51.592121E-5 1.57001E-51.522375E-51.471517E-5 1.41879E-5 22833  2 1619
1.365275E-51.311816E-51.259049E-51.207436E-51.157303E-51.108858E-5 22833  2 1620
1.062229E-51.017474E-59.746052E-69.335976E-68.944026E-68.569566E-6 22833  2 1621
8.211846E-67.870068E-67.543422E-6 7.23111E-6 6.93234E-66.646386E-6 22833  2 1622
 6.37254E-66.110154E-6 5.85864E-65.617445E-65.056481E-64.550587E-6 22833  2 1623
4.094922E-63.686002E-63.321429E-62.999647E-62.719735E-6 2.48122E-6 22833  2 1624
2.283917E-62.127796E-62.012849E-61.938995E-61.905973E-61.913267E-6 22833  2 1625
1.960047E-62.045126E-62.166968E-62.323762E-62.513636E-61.639229E-5 22833  2 1626
1.672331E-51.700199E-51.722865E-51.740433E-51.753067E-51.760983E-5 22833  2 1627
1.764435E-51.763711E-51.759119E-51.750982E-51.739626E-5 1.72538E-5 22833  2 1628
1.708564E-51.689489E-51.668451E-5 1.64573E-51.596267E-51.542956E-5 22833  2 1629
 1.48734E-51.430659E-51.373884E-51.317749E-51.262797E-51.209405E-5 22833  2 1630
1.157827E-51.108215E-51.060647E-51.015144E-59.716844E-69.302214E-6 22833  2 1631
 8.90685E-68.529966E-68.170674E-67.828098E-67.501326E-6 7.18950E-6 22833  2 1632
6.891786E-66.607398E-66.335592E-66.075702E-6 5.82710E-6 5.25135E-6 22833  2 1633
4.735196E-64.272916E-63.860284E-63.494285E-6 3.17285E-62.894623E-6 22833  2 1634
2.658762E-62.464766E-62.312326E-62.201189E-62.131045E-62.101425E-6 22833  2 1635
2.111617E-62.160598E-62.247004E-62.369131E-6 2.52502E-62.712689E-6 22833  2 1636
1.711133E-51.744202E-51.771555E-51.793294E-51.809585E-51.820655E-5 22833  2 1637
1.826777E-51.828261E-51.825439E-51.818665E-51.808294E-51.794686E-5 22833  2 1638
1.778193E-51.759157E-51.737905E-51.714746E-51.663844E-51.608511E-5 22833  2 1639
1.550459E-51.491076E-51.431447E-5 1.37240E-51.314544E-51.258314E-5 22833  2 1640
1.203998E-51.151777E-51.101746E-51.053934E-51.008326E-5 9.64875E-6 22833  2 1641
9.235086E-68.841426E-68.466834E-68.110344E-6 7.77099E-67.447818E-6 22833  2 1642
7.139922E-66.846426E-66.566532E-66.299484E-6 6.04458E-65.456426E-6 22833  2 1643
4.931917E-64.464531E-64.049372E-63.682865E-63.362466E-6 3.08642E-6 22833  2 1644
2.853544E-62.663039E-62.514332E-62.406937E-62.340322E-62.313815E-6 22833  2 1645
2.326508E-62.377192E-62.464319E-62.586013E-62.740159E-62.924662E-6 22833  2 1646
1.782033E-51.813699E-51.839293E-51.858986E-51.873012E-5 1.88166E-5 22833  2 1647
1.885256E-51.884157E-51.878739E-51.869386E-51.856483E-51.840412E-5 22833  2 1648
1.821541E-51.800223E-51.776795E-51.724838E-51.667909E-51.607879E-5 22833  2 1649
1.546259E-51.484242E-51.422739E-51.362424E-51.303778E-51.247127E-5 22833  2 1650
1.192675E-51.140535E-51.090745E-51.043296E-59.981414E-69.552078E-6 22833  2 1651
9.144066E-68.756406E-68.388066E-68.038008E-67.705224E-6 7.38873E-6 22833  2 1652
7.087596E-66.800934E-6 6.52794E-66.267852E-65.669674E-65.138693E-6 22833  2 1653
4.667681E-64.251144E-63.885001E-63.566282E-63.292867E-63.063257E-6 22833  2 1654
2.876379E-62.731415E-62.627651E-62.564351E-62.540642E-62.555425E-6 22833  2 1655
2.607303E-62.694548E-62.815108E-62.966711E-63.147135E-61.849288E-5 22833  2 1656
 1.87841E-51.901236E-51.918008E-51.929024E-51.934627E-51.935192E-5 22833  2 1657
1.931116E-51.922804E-51.910666E-51.895107E-51.876517E-51.855276E-5 22833  2 1658
 1.83174E-51.779102E-51.720998E-51.659434E-51.596038E-51.532095E-5 22833  2 1659
1.468588E-51.406252E-51.345612E-51.287026E-51.230721E-51.176824E-5 22833  2 1660
1.125386E-51.076402E-51.029827E-59.855888E-69.435948E-69.037434E-6 22833  2 1661
8.659284E-68.300406E-67.959732E-67.636212E-67.328868E-67.036764E-6 22833  2 1662
 6.75903E-6 6.49485E-65.888987E-65.353375E-64.880169E-64.463353E-6 22833  2 1663
4.098398E-63.781952E-63.511567E-6 3.28546E-63.102304E-62.961052E-6 22833  2 1664
2.860781E-62.800554E-6 2.77931E-62.795761E-62.848329E-62.935104E-6 22833  2 1665
 3.05386E-63.202162E-63.377656E-61.910725E-51.936409E-51.955708E-5 22833  2 1666
1.968927E-51.976423E-51.978585E-51.975825E-5 1.96857E-51.957247E-5 22833  2 1667
1.942282E-51.924084E-51.903052E-51.879562E-51.826599E-51.767724E-5 22833  2 1668
1.705061E-51.640335E-51.574914E-51.509847E-5 1.44592E-51.383697E-5 22833  2 1669
1.323566E-51.265777E-5 1.21047E-51.157707E-51.107489E-51.059772E-5 22833  2 1670
1.014485E-5 9.71535E-69.308172E-68.922216E-68.556348E-68.209458E-6 22833  2 1671
 7.88046E-67.568322E-67.272054E-6 6.99075E-66.723552E-6 6.11226E-6 22833  2 1672
5.573788E-65.099759E-64.683704E-64.320705E-64.007075E-63.740075E-6 22833  2 1673
3.517664E-63.338287E-63.200685E-6 3.10374E-63.046328E-63.027205E-6 22833  2 1674
3.044905E-63.097669E-6 3.18341E-63.299728E-63.444025E-63.613805E-6 22833  2 1675
1.964674E-51.986276E-52.001529E-52.010797E-52.014481E-52.013008E-5 22833  2 1676
2.006816E-51.996349E-51.982049E-51.964343E-51.943644E-51.920344E-5 22833  2 1677
1.867392E-51.808131E-51.744781E-51.679154E-51.612686E-51.546485E-5 22833  2 1678
1.481381E-51.417972E-51.356674E-51.297757E-51.241375E-5 1.18760E-5 22833  2 1679
1.136437E-51.087848E-51.041761E-59.980838E-69.567102E-69.175266E-6 22833  2 1680
 8.80419E-6 8.45271E-68.119716E-67.804128E-67.504938E-67.221192E-6 22833  2 1681
6.951996E-66.337446E-65.797801E-65.324245E-64.909925E-6 4.54959E-6 22833  2 1682
4.239266E-63.975957E-63.757396E-6 3.58182E-63.447781E-63.353978E-6 22833  2 1683
3.299112E-63.281766E-63.300301E-63.352787E-63.436961E-63.550251E-6 22833  2 1684
3.689895E-63.853258E-6 2.00996E-52.027075E-52.037992E-5 2.04312E-5 22833  2 1685
2.042893E-52.037764E-52.028187E-52.014615E-51.997489E-51.977235E-5 22833  2 1686
1.954257E-5 1.90163E-51.842343E-51.778696E-51.712573E-51.645468E-5 22833  2 1687
1.578536E-51.512647E-51.448432E-51.386328E-51.326622E-51.269485E-5 22833  2 1688
1.214995E-51.163164E-51.113959E-5 1.06731E-51.023124E-59.812952E-6 22833  2 1689
9.417096E-69.042492E-6 8.68797E-6 8.35239E-68.034654E-67.733712E-6 22833  2 1690
7.448592E-6 7.17837E-66.562614E-66.023376E-65.551502E-65.139817E-6 22833  2 1691
4.782794E-64.476211E-64.216856E-64.002263E-63.830483E-63.699898E-6 22833  2 1692
3.609038E-63.556444E-63.540535E-63.559507E-63.611264E-63.693374E-6 22833  2 1693
3.803096E-63.937505E-6 4.09382E-62.045882E-52.058323E-52.064811E-5 22833  2 1694
2.065788E-52.061713E-52.053049E-52.040259E-52.023793E-52.004085E-5 22833  2 1695
 1.98155E-51.929536E-51.870556E-51.806976E-51.740734E-51.673374E-5 22833  2 1696
1.606091E-51.539787E-5 1.47512E-51.412548E-51.352375E-51.294782E-5 22833  2 1697
1.239858E-51.187622E-51.138043E-51.091055E-51.046566E-51.004472E-5 22833  2 1698
9.646578E-69.270042E-68.913936E-68.577102E-68.258424E-6 7.95684E-6 22833  2 1699
7.671348E-67.401012E-66.785958E-6 6.24861E-65.779532E-65.371306E-6 22833  2 1700
5.018177E-64.715721E-6 4.46054E-64.249997E-64.081985E-63.954728E-6 22833  2 1701
3.866607E-63.816011E-63.801206E-63.820237E-63.870842E-63.950431E-6 22833  2 1702
4.056097E-64.184753E-64.333474E-62.072162E-52.079926E-52.082059E-5 22833  2 1703
2.079024E-52.071291E-52.059327E-52.043587E-52.024516E-52.002532E-5 22833  2 1704
1.951392E-51.893024E-51.829843E-51.763832E-5 1.69657E-51.629287E-5 22833  2 1705
1.562911E-51.498122E-51.435398E-51.375055E-51.317287E-51.262191E-5 22833  2 1706
1.209793E-51.160066E-51.112947E-51.068349E-51.026166E-59.862842E-6 22833  2 1707
9.485862E-69.129528E-68.792676E-68.474184E-68.172978E-67.888044E-6 22833  2 1708
7.618434E-67.005858E-66.471756E-66.006498E-65.602473E-65.253757E-6 22833  2 1709
4.955761E-64.704935E-64.498497E-64.334201E-64.210135E-64.124543E-6 22833  2 1710
4.075676E-6 4.06166E-64.080391E-64.129457E-64.206111E-64.307286E-6 22833  2 1711
 4.42974E-64.570399E-6 2.08888E-52.092118E-52.090104E-5 2.08331E-5 22833  2 1712
2.072207E-52.057254E-52.038896E-52.017559E-51.967525E-51.910045E-5 22833  2 1713
1.847567E-51.782103E-51.715263E-51.648301E-51.582169E-51.517562E-5 22833  2 1714
1.454975E-51.394737E-51.337051E-51.282024E-51.229688E-51.180021E-5 22833  2 1715
1.132965E-51.088433E-51.046324E-51.006525E-59.689196E-69.333882E-6 22833  2 1716
8.998152E-68.680878E-68.380992E-68.097474E-67.829364E-6 7.22088E-6 22833  2 1717
 6.69126E-66.230736E-65.831582E-65.487734E-65.194482E-64.948154E-6 22833  2 1718
4.745848E-64.585201E-6 4.46418E-64.380909E-64.333512E-64.319984E-6 22833  2 1719
4.338083E-64.385257E-64.458605E-64.554911E-64.670777E-64.802984E-6 22833  2 1720
2.096408E-52.095391E-52.089541E-52.079325E-52.065205E-52.047628E-5 22833  2 1721
 2.02702E-5 1.97830E-51.921952E-51.860448E-51.795818E-51.729693E-5 22833  2 1722
1.663344E-51.597739E-5 1.53359E-51.471403E-5 1.41152E-51.354153E-5 22833  2 1723
1.299415E-51.247345E-51.197928E-51.151108E-51.106806E-51.064919E-5 22833  2 1724
1.025339E-59.879492E-69.526338E-69.192768E-6 8.87766E-68.579952E-6 22833  2 1725
8.298618E-68.032716E-67.429782E-66.905748E-66.450792E-6 6.05709E-6 22833  2 1726
5.718504E-65.430233E-65.188513E-64.990343E-64.833263E-64.715138E-6 22833  2 1727
4.633982E-64.587807E-64.574487E-64.591652E-64.636614E-64.706332E-6 22833  2 1728
4.797442E-64.906399E-6 5.02984E-62.095345E-52.090434E-52.081125E-5 22833  2 1729
2.067877E-52.051136E-52.031329E-51.984099E-51.929102E-51.868811E-5 22833  2 1730
 1.80527E-51.740121E-51.674646E-51.609824E-51.546381E-51.484832E-5 22833  2 1731
1.425528E-5 1.36869E-51.314439E-5 1.26282E-51.213824E-51.167401E-5 22833  2 1732
1.123472E-51.081942E-51.042703E-51.005643E-59.706452E-69.375972E-6 22833  2 1733
9.063876E-68.769114E-68.490666E-6 8.22759E-6 7.63152E-67.114068E-6 22833  2 1734
6.665394E-66.277656E-65.944669E-65.661574E-65.424538E-6 5.23049E-6 22833  2 1735
5.076886E-64.961504E-64.882265E-64.837078E-64.823705E-6 4.83966E-6 22833  2 1736
4.882129E-64.947936E-65.033578E-65.135366E-65.249796E-62.086453E-5 22833  2 1737
2.078062E-52.065717E-52.049858E-52.030909E-51.985324E-51.931863E-5 22833  2 1738
1.872997E-51.810769E-51.746824E-51.682454E-51.618643E-51.556126E-5 22833  2 1739
1.495425E-5 1.43690E-5 1.38078E-51.327193E-5 1.27619E-51.227767E-5 22833  2 1740
1.181881E-51.138457E-51.097402E-51.058615E-51.021983E-59.873954E-6 22833  2 1741
9.547398E-6 9.23907E-68.947932E-68.672988E-68.413302E-67.825248E-6 22833  2 1742
7.315236E-6 6.87348E-66.492144E-66.165036E-65.887271E-65.654969E-6 22833  2 1743
5.465009E-65.314782E-65.201993E-65.124481E-65.080061E-65.066401E-6 22833  2 1744
5.080901E-6 5.12063E-65.182288E-65.262238E-65.356654E-65.461896E-6 22833  2 1745
2.070595E-52.059172E-52.044231E-52.026191E-51.982378E-51.930612E-5 22833  2 1746
1.873351E-5 1.81263E-51.750091E-51.687027E-51.624426E-51.563027E-5 22833  2 1747
 1.50336E-51.445791E-51.390554E-51.337786E-51.287544E-5 1.23983E-5 22833  2 1748
1.194605E-5 1.15180E-51.111327E-51.073087E-51.036972E-51.002874E-5 22833  2 1749
9.706842E-69.402948E-6 9.11604E-6 8.84514E-6 8.58933E-6 8.01030E-6 22833  2 1750
7.508478E-67.074174E-66.699612E-66.378618E-66.106296E-65.878754E-6 22833  2 1751
5.692835E-6 5.54588E-65.435536E-65.359569E-65.315717E-65.301554E-6 22833  2 1752
5.314382E-65.351161E-65.408471E-65.482553E-6 5.56945E-65.665387E-6 22833  2 1753
2.048687E-52.034691E-52.017596E-5 1.97566E-51.925723E-51.870221E-5 22833  2 1754
1.811173E-51.750212E-51.688627E-51.627408E-51.567294E-51.508821E-5 22833  2 1755
1.452359E-51.398151E-51.346338E-51.296983E-51.250095E-51.205639E-5 22833  2 1756
1.163554E-51.123754E-51.086146E-51.050625E-51.017087E-59.854256E-6 22833  2 1757
9.555372E-6 9.27321E-69.006828E-68.755314E-68.186178E-67.693194E-6 22833  2 1758
7.266798E-66.899316E-66.584604E-66.317814E-6 6.09504E-6 5.91310E-6 22833  2 1759
5.769311E-65.661268E-65.586678E-65.543209E-65.528352E-6 5.53932E-6 22833  2 1760
 5.57297E-65.625775E-65.693857E-65.773134E-65.859702E-62.021657E-5 22833  2 1761
2.005538E-51.965562E-51.917564E-51.863948E-51.806711E-51.747474E-5 22833  2 1762
1.687515E-51.627823E-51.569137E-51.511995E-51.456773E-51.403717E-5 22833  2 1763
1.352975E-51.304616E-51.258654E-51.215062E-51.173781E-51.134734E-5 22833  2 1764
1.097829E-51.062969E-51.030051E-5 9.98973E-69.696348E-69.419382E-6 22833  2 1765
9.157914E-68.911056E-68.352552E-67.868934E-6 7.45083E-67.090662E-6 22833  2 1766
6.782388E-66.521178E-6 6.30315E-66.125124E-65.984395E-65.878514E-6 22833  2 1767
5.805145E-65.761892E-65.746174E-6 5.75512E-65.785496E-65.833673E-6 22833  2 1768
5.895661E-65.967263E-66.044448E-61.990415E-51.952462E-5 1.90649E-5 22833  2 1769
1.854863E-51.799552E-51.742158E-51.683949E-51.625905E-51.568767E-5 22833  2 1770
1.513072E-51.459199E-51.407401E-51.357827E-51.310556E-51.265606E-5 22833  2 1771
1.222956E-51.182553E-51.144325E-51.108186E-51.074041E-51.041794E-5 22833  2 1772
1.011346E-5 9.82599E-69.554598E-6 9.29838E-69.056478E-68.509218E-6 22833  2 1773
8.035416E-67.625904E-67.273248E-66.971502E-66.715896E-6 6.50259E-6 22833  2 1774
 6.32841E-66.190626E-66.086778E-66.014484E-65.971298E-65.954573E-6 22833  2 1775
5.961362E-65.988349E-66.031806E-66.087648E-6 6.15156E-66.219396E-6 22833  2 1776
1.918677E-51.876937E-51.829513E-51.778306E-51.724869E-51.670437E-5 22833  2 1777
1.615973E-51.562206E-51.509672E-51.458755E-51.409713E-51.362707E-5 22833  2 1778
1.317826E-5 1.27510E-51.234519E-51.196043E-5 1.15961E-51.125144E-5 22833  2 1779
1.092562E-51.061775E-51.032693E-51.005227E-59.792882E-69.547938E-6 22833  2 1780
9.316644E-68.793258E-68.340072E-67.948392E-67.611144E-67.322622E-6 22833  2 1781
7.078224E-66.874218E-66.707472E-66.575274E-66.475134E-66.404616E-6 22833  2 1782
6.361182E-6 6.34209E-66.344256E-66.364218E-66.398094E-66.441594E-6 22833  2 1783
6.490218E-66.539592E-61.839558E-51.796512E-51.749619E-51.700369E-5 22833  2 1784
1.649957E-51.599319E-51.549169E-51.500038E-51.452309E-51.406246E-5 22833  2 1785
1.362019E-51.319725E-51.279407E-51.241066E-51.204674E-51.170179E-5 22833  2 1786
 1.13752E-5 1.10662E-51.077402E-51.049785E-51.023686E-5 9.99027E-6 22833  2 1787
9.757302E-69.537228E-69.038934E-68.607186E-68.233842E-67.912236E-6 22833  2 1788
7.636974E-67.403658E-6 7.20870E-67.049058E-6 6.92205E-66.825198E-6 22833  2 1789
 6.75603E-66.711954E-66.690144E-66.687426E-66.700206E-66.724458E-6 22833  2 1790
6.755748E-66.789396E-6 6.82083E-6 1.75790E-51.715402E-51.670441E-5 22833  2 1791
1.624163E-51.577473E-51.531066E-51.485463E-51.441046E-51.398083E-5 22833  2 1792
1.356748E-51.317149E-5 1.27934E-51.243334E-51.209112E-51.176637E-5 22833  2 1793
1.145855E-51.116704E-51.089114E-51.063013E-5 1.03833E-51.014991E-5 22833  2 1794
 9.92928E-69.720732E-69.248106E-68.838132E-68.483262E-68.177286E-6 22833  2 1795
 7.91514E-67.692684E-6 7.50648E-6 7.35360E-67.231434E-67.137522E-6 22833  2 1796
 7.06938E-67.024392E-6 6.99966E-66.991932E-66.997524E-6 7.01229E-6 22833  2 1797
7.031664E-67.050822E-67.064988E-61.677283E-51.636612E-51.594483E-5 22833  2 1798
1.551764E-5 1.50913E-51.467091E-51.426023E-51.386196E-51.347792E-5 22833  2 1799
1.310926E-51.275662E-51.242023E-51.210003E-51.179575E-51.150697E-5 22833  2 1800
1.123316E-51.097374E-51.072808E-51.049554E-51.027547E-51.006727E-5 22833  2 1801
9.870312E-69.423444E-69.035202E-68.698674E-68.408124E-68.158836E-6 22833  2 1802
7.946934E-67.769166E-67.622736E-67.505112E-67.413858E-67.346514E-6 22833  2 1803
7.300434E-6 7.27269E-67.259964E-67.258488E-67.264032E-67.271916E-6 22833  2 1804
7.277172E-67.274892E-61.600156E-51.562113E-51.523316E-51.484413E-5 22833  2 1805
1.445902E-51.408155E-51.371441E-51.335948E-51.301798E-51.269063E-5 22833  2 1806
1.237778E-51.207948E-51.179556E-51.152571E-51.126951E-51.102646E-5 22833  2 1807
1.079603E-51.057768E-51.037083E-51.017494E-59.989472E-6 9.56805E-6 22833  2 1808
9.201228E-68.882712E-68.607246E-6 8.37048E-68.168802E-67.999164E-6 22833  2 1809
 7.85889E-67.745544E-67.656744E-67.590048E-67.542798E-67.512048E-6 22833  2 1810
 7.49442E-67.486104E-67.482774E-67.479678E-67.471722E-67.453854E-6 22833  2 1811
1.528042E-51.493059E-51.457792E-51.422724E-5 1.38822E-51.354549E-5 22833  2 1812
1.321903E-51.290411E-51.260154E-51.231175E-5 1.20349E-51.177094E-5 22833  2 1813
1.151965E-5 1.12807E-5 1.10537E-51.083821E-51.063376E-51.043985E-5 22833  2 1814
1.025602E-51.008179E-59.685248E-69.339324E-69.038352E-68.777544E-6 22833  2 1815
 8.55291E-68.361108E-68.199288E-68.064918E-67.955646E-67.869156E-6 22833  2 1816
 7.80303E-6 7.75461E-67.720932E-6 7.69860E-67.683732E-6 7.67196E-6 22833  2 1817
7.658442E-6 7.63800E-67.605444E-61.461748E-51.429985E-51.398238E-5 22833  2 1818
1.366865E-51.336135E-51.306242E-51.277321E-51.249462E-51.222717E-5 22833  2 1819
1.197112E-5 1.17265E-51.149319E-51.127098E-51.105954E-51.085854E-5 22833  2 1820
1.066756E-51.048621E-51.031407E-51.015074E-5 9.77832E-69.452658E-6 22833  2 1821
9.168672E-68.922042E-68.709132E-68.526864E-6 8.37258E-68.243886E-6 22833  2 1822
8.138538E-68.054268E-67.988694E-6 7.93917E-6 7.90272E-67.875918E-6 22833  2 1823
7.854858E-67.835112E-67.811778E-6 7.77960E-67.733268E-61.401568E-5 22833  2 1824
1.372996E-51.344619E-51.316705E-51.289451E-51.262996E-51.237438E-5 22833  2 1825
1.212838E-51.189229E-51.166626E-51.145024E-51.124412E-51.104766E-5 22833  2 1826
1.086059E-5 1.06826E-51.051333E-51.035246E-51.019962E-59.850452E-6 22833  2 1827
9.544308E-69.276702E-69.043746E-68.842146E-68.669082E-68.522082E-6 22833  2 1828
 8.39889E-68.297352E-68.215272E-68.150286E-68.099778E-68.060754E-6 22833  2 1829
8.029782E-6 8.00292E-67.975704E-67.943178E-67.900008E-67.840794E-6 22833  2 1830
1.347438E-51.321909E-51.296673E-5 1.27193E-51.247824E-51.224458E-5 22833  2 1831
1.201903E-51.180199E-5 1.15937E-5 1.13942E-51.120346E-51.102132E-5 22833  2 1832
1.084758E-5 1.06820E-51.052432E-51.037423E-51.023145E-59.904578E-6 22833  2 1833
 9.61719E-69.365334E-69.145548E-68.954862E-6 8.79069E-68.650752E-6 22833  2 1834
8.532918E-6 8.43513E-68.355234E-68.290926E-6 8.23959E-68.198244E-6 22833  2 1835
8.163426E-68.131188E-68.097024E-68.055936E-68.002524E-67.931304E-6 22833  2 1836
1.299071E-51.276369E-51.254002E-5 1.23212E-51.210834E-51.190218E-5 22833  2 1837
1.170322E-51.151178E-51.132798E-51.115186E-51.098334E-5 1.08223E-5 22833  2 1838
1.066856E-51.052191E-51.038212E-51.024896E-59.943404E-69.673986E-6 22833  2 1839
9.437244E-69.230136E-6 9.04998E-68.894424E-68.761356E-68.648778E-6 22833  2 1840
8.554704E-68.477058E-68.413548E-68.361588E-6 8.31819E-68.279892E-6 22833  2 1841
8.242722E-68.202138E-68.153118E-68.090202E-6 8.00781E-61.256053E-5 22833  2 1842
1.235926E-51.216143E-51.196818E-51.178034E-51.159849E-51.142298E-5 22833  2 1843
1.125405E-51.109178E-51.093619E-5 1.07872E-51.064471E-51.050855E-5 22833  2 1844
1.037857E-51.025455E-59.969342E-69.717108E-6 9.49488E-6 9.29997E-6 22833  2 1845
 9.12999E-68.982804E-68.856456E-68.749056E-68.658708E-6 8.58339E-6 22833  2 1846
 8.52084E-68.468484E-68.423346E-68.381946E-6 8.34030E-68.293842E-6 22833  2 1847
8.237508E-68.165796E-68.073054E-61.217905E-51.200095E-51.182616E-5 22833  2 1848
1.165558E-51.148983E-51.132937E-51.117447E-51.102531E-51.088194E-5 22833  2 1849
1.074436E-51.061253E-51.048633E-51.036565E-51.025035E-59.984528E-6 22833  2 1850
9.748728E-6 9.54042E-69.357264E-69.197142E-69.058104E-6 8.93835E-6 22833  2 1851
8.836098E-68.749518E-68.676642E-68.615238E-6 8.56275E-68.516196E-6 22833  2 1852
8.472096E-68.426436E-6 8.37465E-6 8.31162E-68.231808E-68.129478E-6 22833  2 1853
1.184136E-51.168391E-51.152955E-51.137895E-51.123265E-51.109098E-5 22833  2 1854
1.095417E-51.082234E-51.069556E-51.057382E-51.045706E-51.034521E-5 22833  2 1855
1.023818E-59.990828E-69.770742E-69.575802E-69.403992E-69.253434E-6 22833  2 1856
9.122364E-69.009108E-68.911992E-68.829258E-68.758968E-68.698932E-6 22833  2 1857
8.646588E-6 8.59896E-68.552568E-6 8.50338E-68.446794E-6 8.37768E-6 22833  2 1858
 8.29044E-68.179278E-61.154272E-51.140356E-5 1.12672E-51.113421E-5 22833  2 1859
1.100499E-51.087982E-51.075889E-5 1.06423E-5 1.05301E-51.042228E-5 22833  2 1860
1.031881E-51.021963E-59.989874E-69.784818E-69.602736E-69.441894E-6 22833  2 1861
9.300636E-69.177372E-6 9.07056E-68.978604E-68.899812E-68.832282E-6 22833  2 1862
8.773842E-68.721948E-68.673612E-68.625354E-68.573112E-68.512272E-6 22833  2 1863
8.437668E-6 8.34366E-68.224374E-61.127866E-51.115566E-51.103517E-5 22833  2 1864
1.091765E-51.080345E-51.069279E-51.058582E-51.048264E-51.038329E-5 22833  2 1865
1.028777E-51.019605E-59.983064E-69.792402E-69.622692E-6 9.47247E-6 22833  2 1866
9.340296E-69.224724E-69.124314E-69.037572E-68.962836E-68.898258E-6 22833  2 1867
8.841672E-6 8.79054E-6 8.74188E-68.692182E-68.637378E-68.572824E-6 22833  2 1868
8.493318E-68.393178E-6 8.26647E-61.104518E-51.093643E-51.082992E-5 22833  2 1869
1.072603E-51.062505E-51.052716E-51.043252E-51.034118E-5 1.02532E-5 22833  2 1870
1.016858E-59.971586E-6 9.79473E-69.636954E-69.497052E-69.373758E-6 22833  2 1871
9.265776E-69.171774E-69.090306E-69.019782E-68.958366E-6 8.90391E-6 22833  2 1872
8.853876E-68.805276E-68.754588E-68.697714E-6 8.62998E-6 8.54616E-6 22833  2 1873
8.440518E-68.307042E-61.083869E-51.074253E-51.064835E-5 1.05565E-5 22833  2 1874
1.046719E-51.038062E-51.029688E-51.021607E-5 1.01382E-59.956466E-6 22833  2 1875
9.792864E-69.646632E-69.516768E-69.402198E-6 9.30174E-69.214152E-6 22833  2 1876
 9.13806E-69.071904E-69.013884E-68.961846E-68.913264E-68.865126E-6 22833  2 1877
8.813892E-68.755446E-68.685078E-6 8.59752E-68.486988E-68.347398E-6 22833  2 1878
1.065608E-51.057106E-51.048781E-51.040661E-51.032767E-51.025115E-5 22833  2 1879
1.017714E-5 1.01057E-59.938568E-69.787716E-69.652656E-69.532596E-6 22833  2 1880
9.426606E-6 9.33363E-69.252498E-69.181896E-6 9.12030E-69.065916E-6 22833  2 1881
9.016614E-68.969844E-68.922582E-68.871264E-68.811744E-68.739288E-6 22833  2 1882
8.648562E-68.533752E-68.388684E-61.049465E-51.041952E-51.034599E-5 22833  2 1883
1.027429E-51.020461E-51.013707E-51.007177E-59.918612E-69.780054E-6 22833  2 1884
9.655842E-6 9.54537E-69.447852E-6 9.36234E-69.287724E-6 9.22275E-6 22833  2 1885
9.165912E-69.115434E-6 9.06918E-6 9.02460E-68.978634E-68.927706E-6 22833  2 1886
8.867628E-68.793618E-68.700312E-68.581818E-68.431896E-61.035207E-5 22833  2 1887
1.028579E-51.022096E-51.015778E-51.009642E-51.003697E-59.897216E-6 22833  2 1888
9.770526E-69.656868E-69.555804E-69.466674E-6 9.38862E-6 9.32061E-6 22833  2 1889
9.261408E-6 9.20955E-69.163254E-6 9.12039E-69.078378E-69.034152E-6 22833  2 1890
8.984088E-68.923968E-68.848968E-68.753652E-6 8.63208E-68.477922E-6 22833  2 1891
1.022639E-51.016808E-51.011109E-51.005561E-51.000176E-5 9.87489E-6 22833  2 1892
9.759684E-69.656316E-69.564504E-69.483702E-6 9.41313E-6 9.35181E-6 22833  2 1893
 9.29856E-6 9.25191E-69.210096E-69.170964E-69.131934E-69.089892E-6 22833  2 1894
9.041184E-6 8.98155E-68.906106E-68.809368E-68.685318E-68.527542E-6 22833  2 1895
1.011597E-51.006488E-51.001501E-59.966528E-6 9.85206E-69.747984E-6 22833  2 1896
9.654672E-6 9.57198E-69.499458E-6 9.43641E-69.381906E-69.334782E-6 22833  2 1897
9.293592E-69.256566E-69.221538E-69.185892E-69.146496E-69.099642E-6 22833  2 1898
9.041028E-68.965716E-68.868144E-68.742222E-68.581434E-61.001942E-5 22833  2 1899
9.974934E-6 9.93159E-69.829074E-69.735816E-69.652344E-69.578664E-6 22833  2 1900
9.514404E-6 9.45894E-69.411378E-69.370578E-69.335112E-69.303192E-6 22833  2 1901
 9.27264E-6 9.24081E-69.204534E-6 9.16005E-69.103008E-69.028392E-6 22833  2 1902
 8.93058E-68.803392E-68.640216E-69.935598E-69.897198E-6 9.80622E-6 22833  2 1903
9.723492E-69.649686E-69.584922E-69.528918E-6 9.48111E-69.440634E-6 22833  2 1904
 9.40638E-69.376908E-6 9.35043E-69.324744E-69.297174E-69.264492E-6 22833  2 1905
9.222912E-69.167994E-69.094668E-68.997222E-68.869386E-6 8.70444E-6 22833  2 1906
9.863562E-69.783744E-69.711276E-69.646974E-6 9.59106E-6 9.54333E-6 22833  2 1907
9.503262E-69.470034E-69.442542E-69.419358E-6 9.39867E-69.378252E-6 22833  2 1908
9.355386E-69.326808E-6 9.28866E-69.236442E-6 9.16500E-69.068544E-6 22833  2 1909
 8.94069E-68.774598E-6 9.73038E-69.682572E-69.641448E-69.607452E-6 22833  2 1910
9.580542E-69.560304E-6 9.54597E-69.536466E-69.530328E-69.525708E-6 22833  2 1911
9.520302E-69.511266E-6 9.49521E-6 9.46809E-69.425214E-6 9.36120E-6 22833  2 1912
9.269988E-6 9.14490E-68.978778E-69.658254E-6 9.63969E-69.627504E-6 22833  2 1913
 9.62178E-69.622182E-69.627996E-6 9.63813E-69.651096E-6 9.66498E-6 22833  2 1914
9.677364E-69.685284E-69.685158E-69.672744E-69.643104E-69.590568E-6 22833  2 1915
9.508758E-69.390654E-69.228696E-69.643272E-69.652956E-6 9.66894E-6 22833  2 1916
9.690954E-69.718302E-69.749886E-69.784176E-69.819162E-69.852318E-6 22833  2 1917
9.880506E-69.899946E-6 9.90615E-6 9.89388E-69.857142E-69.789168E-6 22833  2 1918
9.682518E-6 9.52917E-69.684708E-69.723048E-69.767754E-69.818154E-6 22833  2 1919
9.873132E-69.931104E-69.989964E-61.004704E-51.009901E-51.014187E-5 22833  2 1920
1.017084E-51.018034E-51.016398E-51.011455E-51.002413E-59.884136E-6 22833  2 1921
 9.78447E-69.853044E-69.928104E-61.000852E-51.009265E-51.017829E-5 22833  2 1922
1.026259E-51.034206E-51.041239E-5 1.04685E-51.050442E-5 1.05133E-5 22833  2 1923
1.048743E-51.041829E-51.029674E-59.946704E-6 1.00481E-51.015609E-5 22833  2 1924
1.026894E-51.038436E-51.049935E-51.061015E-5 1.07122E-51.080004E-5 22833  2 1925
1.086726E-5 1.09065E-51.090948E-51.086702E-51.076931E-51.017754E-5 22833  2 1926
1.031524E-51.045946E-51.060775E-51.075695E-51.090307E-51.104123E-5 22833  2 1927
1.116556E-51.126916E-51.134413E-51.138151E-51.137143E-51.130332E-5 22833  2 1928
1.048484E-51.066304E-51.084733E-51.103434E-51.121983E-51.139857E-5 22833  2 1929
1.156427E-51.170952E-51.182576E-51.190335E-51.193162E-51.189917E-5 22833  2 1930
1.087784E-51.110119E-51.132959E-5 1.15585E-51.178236E-51.199439E-5 22833  2 1931
1.218663E-51.234985E-51.247364E-51.254648E-51.255607E-51.136662E-5 22833  2 1932
1.163989E-51.191622E-51.218966E-51.245297E-51.269758E-51.291357E-5 22833  2 1933
1.308968E-51.321349E-51.327178E-51.196135E-51.228894E-51.261631E-5 22833  2 1934
1.293575E-51.323806E-51.351258E-51.374719E-51.392853E-51.404239E-5 22833  2 1935
1.267136E-51.305679E-51.343699E-51.380217E-51.414087E-51.444012E-5 22833  2 1936
1.468559E-51.486207E-51.350403E-5 1.39493E-51.438221E-51.479055E-5 22833  2 1937
1.516045E-51.547663E-51.572286E-51.446353E-51.496863E-5 1.54517E-5 22833  2 1938
1.589803E-51.629136E-51.661452E-51.554986E-5 1.61123E-51.664044E-5 22833  2 1939
1.711714E-51.752436E-51.675815E-51.737302E-51.793899E-51.843724E-5 22833  2 1940
1.807895E-51.873968E-51.933579E-51.950022E-52.020081E-52.101243E-5 22833  2 1941
                                                                   22833  099999
                                                                   228 0  0    0
                                                                     0 0  0    0
                                                                    -1 0  0    0
